"","Station.ID","date","Parameter.Code","chloride_mg.l","chloride_ppt","salinity_mg.l","salinity_ppt"
"1",13107,1978-09-13,940,"9",0.009,16.2594,0.0162594
"2",13107,1979-09-11,940,"7",0.007,12.6462,0.0126462
"3",13107,1969-11-20,940,"2050",2.05,3703.53,3.70353
"4",13107,1976-06-08,940,"10",0.01,18.066,0.018066
"5",13107,1977-06-27,940,"11",0.011,19.8726,0.0198726
"6",13229,1979-12-05,940,"224",0.224,404.6784,0.4046784
"7",13229,1980-01-09,940,"181",0.181,326.9946,0.3269946
"8",13229,1984-06-28,940,"59",0.059,106.5894,0.1065894
"9",13225,1986-04-30,940,"302",0.302,545.5932,0.5455932
"10",13225,1986-06-26,940,"151",0.151,272.7966,0.2727966
"11",13229,1970-12-01,940,"119",0.119,214.9854,0.2149854
"12",13229,1971-02-11,940,"94",0.094,169.8204,0.1698204
"13",13229,1971-03-17,940,"92",0.092,166.2072,0.1662072
"14",13229,1971-04-22,940,"93",0.093,168.0138,0.1680138
"15",13229,1971-05-27,940,"84",0.084,151.7544,0.1517544
"16",13229,1971-07-28,940,"56",0.056,101.1696,0.1011696
"17",13229,1971-08-26,940,"36",0.036,65.0376,0.0650376
"18",13229,1971-09-22,940,"99",0.099,178.8534,0.1788534
"19",13229,1971-10-26,940,"189",0.189,341.4474,0.3414474
"20",13229,1971-11-16,940,"220",0.22,397.452,0.397452
"21",13229,1979-06-21,940,"45",0.045,81.297,0.081297
"22",13229,1984-07-25,940,"136",0.136,245.6976,0.2456976
"23",13229,1984-08-23,940,"62",0.062,112.0092,0.1120092
"24",13223,1979-02-12,940,"115",0.115,207.759,0.207759
"25",13223,1979-05-14,940,"58",0.058,104.7828,0.1047828
"26",13223,1979-08-20,940,"2.9",0.0029,5.23914,0.00523914
"27",13226,1978-09-13,940,"28",0.028,50.5848,0.0505848
"28",13226,1978-10-18,940,"92",0.092,166.2072,0.1662072
"29",13226,1978-11-15,940,"128",0.128,231.2448,0.2312448
"30",13226,1978-12-13,940,"208",0.208,375.7728,0.3757728
"31",13223,1978-05-01,940,"59",0.059,106.5894,0.1065894
"32",13223,1978-08-21,940,"43",0.043,77.6838,0.0776838
"33",13223,1978-11-27,940,"85",0.085,153.561,0.153561
"34",13226,1979-01-10,940,"160",0.16,289.056,0.289056
"35",13228,1975-12-31,940,"188",0.188,339.6408,0.3396408
"36",13228,1976-03-24,940,"191",0.191,345.0606,0.3450606
"37",13228,1976-06-08,940,"67",0.067,121.0422,0.1210422
"38",13229,1979-04-18,940,"59",0.059,106.5894,0.1065894
"39",13226,1978-05-18,940,"60",0.06,108.396,0.108396
"40",13226,1978-06-26,940,"90",0.09,162.594,0.162594
"41",13226,1978-07-12,940,"73",0.073,131.8818,0.1318818
"42",13226,1978-08-23,940,"106",0.106,191.4996,0.1914996
"43",13229,1979-05-23,940,"58",0.058,104.7828,0.1047828
"44",13229,1983-12-14,940,"101",0.101,182.4666,0.1824666
"45",13229,1984-01-24,940,"158",0.158,285.4428,0.2854428
"46",13229,1973-12-11,940,"88",0.088,158.9808,0.1589808
"47",13229,1974-02-13,940,"87",0.087,157.1742,0.1571742
"48",13229,1974-04-17,940,"53",0.053,95.7498,0.0957498
"49",13223,1977-11-07,940,"100",0.1,180.66,0.18066
"50",13223,1978-02-06,940,"70",0.07,126.462,0.126462
"51",13229,1984-02-22,940,"128",0.128,231.2448,0.2312448
"52",13229,1984-03-23,940,"196",0.196,354.0936,0.3540936
"53",13228,1974-12-04,940,"311",0.311,561.8526,0.5618526
"54",13228,1975-02-20,940,"12",0.012,21.6792,0.0216792
"55",13228,1975-07-09,940,"70",0.07,126.462,0.126462
"56",13228,1975-09-25,940,"115",0.115,207.759,0.207759
"57",13226,1978-02-23,940,"104",0.104,187.8864,0.1878864
"58",13229,1988-08-18,940,"110",0.11,198.726,0.198726
"59",13229,1980-05-14,940,"64",0.064,115.6224,0.1156224
"60",13229,1980-06-25,940,"279",0.279,504.0414,0.5040414
"61",13229,1980-07-09,940,"93",0.093,168.0138,0.1680138
"62",13229,1980-08-25,940,"81",0.081,146.3346,0.1463346
"63",13229,1985-01-24,940,"266",0.266,480.5556,0.4805556
"64",13226,1978-03-14,940,"111",0.111,200.5326,0.2005326
"65",13226,1978-04-19,940,"55",0.055,99.363,0.099363
"66",13226,1978-05-11,940,"19",0.019,34.3254,0.0343254
"67",13229,1972-12-12,940,"130",0.13,234.858,0.234858
"68",13229,1973-03-13,940,"169",0.169,305.3154,0.3053154
"69",13229,1973-06-27,940,"48",0.048,86.7168,0.0867168
"70",13229,1973-08-21,940,"32",0.032,57.8112,0.0578112
"71",13229,1980-02-13,940,"172",0.172,310.7352,0.3107352
"72",13223,1977-05-02,940,"53",0.053,95.7498,0.0957498
"73",13223,1977-08-16,940,"68",0.068,122.8488,0.1228488
"74",13229,1985-02-21,940,"259",0.259,467.9094,0.4679094
"75",13229,1985-03-26,940,"284",0.284,513.0744,0.5130744
"76",13229,1985-04-16,940,"159",0.159,287.2494,0.2872494
"77",13229,1971-12-08,940,"50",0.05,90.33,0.09033
"78",13229,1972-01-20,940,"52",0.052,93.9432,0.0939432
"79",13226,1977-10-26,940,"48",0.048,86.7168,0.0867168
"80",13229,1980-02-28,940,"162",0.162,292.6692,0.2926692
"81",13229,1980-04-16,940,"80",0.08,144.528,0.144528
"82",13229,1984-10-09,940,"82",0.082,148.1412,0.1481412
"83",13229,1984-11-15,940,"356",0.356,643.1496,0.6431496
"84",13226,1977-11-17,940,"102",0.102,184.2732,0.1842732
"85",13226,1977-12-27,940,"101",0.101,182.4666,0.1824666
"86",13226,1978-01-25,940,"106",0.106,191.4996,0.1914996
"87",13223,1976-08-17,940,"56",0.056,101.1696,0.1011696
"88",13229,1972-06-21,940,"52",0.052,93.9432,0.0939432
"89",13229,1979-10-17,940,"138",0.138,249.3108,0.2493108
"90",13223,1976-11-08,940,"149",0.149,269.1834,0.2691834
"91",13223,1977-02-22,940,"162",0.162,292.6692,0.2926692
"92",13229,1984-12-29,940,"356",0.356,643.1496,0.6431496
"93",13229,1970-11-12,940,"114",0.114,205.9524,0.2059524
"94",13229,1979-11-14,940,"115",0.115,207.759,0.207759
"95",13229,1986-02-13,940,"311",0.311,561.8526,0.5618526
"96",13229,1986-03-29,940,"429",0.429,775.0314,0.7750314
"97",13226,1979-09-10,940,"88",0.088,158.9808,0.1589808
"98",13228,1977-09-28,940,"131",0.131,236.6646,0.2366646
"99",13229,1991-05-29,940,"143",0.143,258.3438,0.2583438
"100",13229,1991-07-01,940,"101",0.101,182.4666,0.1824666
"101",13228,1985-08-23,940,"86",0.086,155.3676,0.1553676
"102",13228,1985-10-03,940,"7",0.007,12.6462,0.0126462
"103",13229,1978-05-17,940,"59",0.059,106.5894,0.1065894
"104",13229,1978-06-27,940,"80",0.08,144.528,0.144528
"105",13229,1983-05-18,940,"82",0.082,148.1412,0.1481412
"106",13223,1972-10-03,940,"45",0.045,81.297,0.081297
"107",13223,1973-01-16,940,"88",0.088,158.9808,0.1589808
"108",13226,1981-06-09,940,"69",0.069,124.6554,0.1246554
"109",13226,1981-07-16,940,"72",0.072,130.0752,0.1300752
"110",13229,1986-04-22,940,"408",0.408,737.0928,0.7370928
"111",13228,1977-12-28,940,"113",0.113,204.1458,0.2041458
"112",13228,1978-03-15,940,"126",0.126,227.6316,0.2276316
"113",13229,1976-09-10,940,"108",0.108,195.1128,0.1951128
"114",13229,1981-04-21,940,"126",0.126,227.6316,0.2276316
"115",13229,1981-05-13,940,"118",0.118,213.1788,0.2131788
"116",13226,1979-02-07,940,"151",0.151,272.7966,0.2727966
"117",13226,1979-03-22,940,"72",0.072,130.0752,0.1300752
"118",13229,1987-11-24,940,"384",0.384,693.7344,0.6937344
"119",13229,1987-12-28,940,"285",0.285,514.881,0.514881
"120",13229,1988-01-28,940,"335",0.335,605.211,0.605211
"121",13229,1988-02-29,940,"387",0.387,699.1542,0.6991542
"122",13229,1988-03-16,940,"305",0.305,551.013,0.551013
"123",13226,1981-08-27,940,"62",0.062,112.0092,0.1120092
"124",13228,1983-10-20,940,"85",0.085,153.561,0.153561
"125",13228,1983-12-13,940,"169",0.169,305.3154,0.3053154
"126",13229,1978-07-13,940,"80",0.08,144.528,0.144528
"127",13223,1971-06-22,940,"32",0.032,57.8112,0.0578112
"128",13223,1971-07-21,940,"68",0.068,122.8488,0.1228488
"129",13229,1981-06-10,940,"56",0.056,101.1696,0.1011696
"130",13226,1979-04-19,940,"44",0.044,79.4904,0.0794904
"131",13228,1978-06-27,940,"36",0.036,65.0376,0.0650376
"132",13229,1975-07-08,940,"82",0.082,148.1412,0.1481412
"133",13229,1975-09-24,940,"115",0.115,207.759,0.207759
"134",13229,1975-12-30,940,"194",0.194,350.4804,0.3504804
"135",13229,1990-11-28,940,"421",0.421,760.5786,0.7605786
"136",13229,1978-08-21,940,"89",0.089,160.7874,0.1607874
"137",13229,1982-12-15,940,"354",0.354,639.5364,0.6395364
"138",13229,1983-01-13,940,"256",0.256,462.4896,0.4624896
"139",13229,1983-02-15,940,"235",0.235,424.551,0.424551
"140",13226,1980-12-15,940,"182",0.182,328.8012,0.3288012
"141",13228,1984-03-23,940,"242",0.242,437.1972,0.4371972
"142",13228,1984-09-19,940,"181",0.181,326.9946,0.3269946
"143",13223,1971-08-24,940,"28",0.028,50.5848,0.0505848
"144",13223,1971-09-21,940,"58",0.058,104.7828,0.1047828
"145",13223,1971-10-21,940,"45",0.045,81.297,0.081297
"146",13223,1971-11-16,940,"98",0.098,177.0468,0.1770468
"147",13223,1971-12-14,940,"49",0.049,88.5234,0.0885234
"148",13223,1972-01-13,940,"96",0.096,173.4336,0.1734336
"149",13229,1984-09-20,940,"178",0.178,321.5748,0.3215748
"150",13229,1969-11-20,940,"68",0.068,122.8488,0.1228488
"151",13229,1969-12-23,940,"122",0.122,220.4052,0.2204052
"152",13229,1979-07-18,940,"86",0.086,155.3676,0.1553676
"153",13229,1979-08-22,940,"44",0.044,79.4904,0.0794904
"154",13223,1975-02-11,940,"167",0.167,301.7022,0.3017022
"155",13223,1975-05-06,940,"81",0.081,146.3346,0.1463346
"156",13229,1976-03-23,940,"256",0.256,462.4896,0.4624896
"157",13229,1985-11-21,940,"289",0.289,522.1074,0.5221074
"158",13229,1986-01-16,940,"359",0.359,648.5694,0.6485694
"159",13226,1979-05-24,940,"62",0.062,112.0092,0.1120092
"160",13228,1976-09-09,940,"54",0.054,97.5564,0.0975564
"161",13228,1976-12-01,940,"304",0.304,549.2064,0.5492064
"162",13228,1977-03-29,940,"69",0.069,124.6554,0.1246554
"163",13229,1990-12-12,940,"492",0.492,888.8472,0.8888472
"164",13229,1991-01-24,940,"204",0.204,368.5464,0.3685464
"165",13229,1991-02-19,940,"200",0.2,361.32,0.36132
"166",13229,1991-03-21,940,"157",0.157,283.6362,0.2836362
"167",13228,1984-12-28,940,"374",0.374,675.6684,0.6756684
"168",13229,1978-02-16,940,"117",0.117,211.3722,0.2113722
"169",13229,1978-03-15,940,"118",0.118,213.1788,0.2131788
"170",13229,1983-03-29,940,"217",0.217,392.0322,0.3920322
"171",13223,1972-04-11,940,"68",0.068,122.8488,0.1228488
"172",13226,1981-02-11,940,"95",0.095,171.627,0.171627
"173",13226,1981-03-18,940,"75",0.075,135.495,0.135495
"174",13226,1981-04-22,940,"67",0.067,121.0422,0.1210422
"175",13229,1979-09-12,940,"132",0.132,238.4712,0.2384712
"176",13229,1984-04-12,940,"306",0.306,552.8196,0.5528196
"177",13229,1970-01-07,940,"173",0.173,312.5418,0.3125418
"178",13229,1970-01-25,940,"67",0.067,121.0422,0.1210422
"179",13229,1970-02-17,940,"88",0.088,158.9808,0.1589808
"180",13229,1970-04-22,940,"119",0.119,214.9854,0.2149854
"181",13229,1970-05-07,940,"125",0.125,225.825,0.225825
"182",13229,1970-06-23,940,"34",0.034,61.4244,0.0614244
"183",13229,1986-01-23,940,"295",0.295,532.947,0.532947
"184",13229,1980-12-15,940,"282",0.282,509.4612,0.5094612
"185",13229,1981-01-21,940,"108",0.108,195.1128,0.1951128
"186",13229,1981-02-10,940,"89",0.089,160.7874,0.1607874
"187",13229,1990-04-18,940,"261",0.261,471.5226,0.4715226
"188",13229,1987-06-20,940,"179",0.179,323.3814,0.3233814
"189",13229,1987-07-23,940,"151",0.151,272.7966,0.2727966
"190",13229,1987-08-26,940,"157",0.157,283.6362,0.2836362
"191",13229,1987-09-23,940,"243",0.243,439.0038,0.4390038
"192",13228,1981-12-01,940,"235",0.235,424.551,0.424551
"193",13228,1982-07-30,940,"82",0.082,148.1412,0.1481412
"194",13228,1982-09-14,940,"80",0.08,144.528,0.144528
"195",13229,1978-04-20,940,"53",0.053,95.7498,0.0957498
"196",13229,1970-07-22,940,"110",0.11,198.726,0.198726
"197",13229,1970-08-05,940,"28",0.028,50.5848,0.0505848
"198",13229,1970-09-17,940,"70",0.07,126.462,0.126462
"199",13229,1970-10-15,940,"92",0.092,166.2072,0.1662072
"200",13229,1979-03-21,940,"66",0.066,119.2356,0.1192356
"201",13229,1984-05-22,940,"111",0.111,200.5326,0.2005326
"202",13228,1989-05-23,940,"181",0.181,326.9946,0.3269946
"203",13228,1989-12-27,940,"268",0.268,484.1688,0.4841688
"204",13228,1990-12-10,940,"490",0.49,885.234,0.885234
"205",13228,1991-07-01,940,"300",0.3,541.98,0.54198
"206",13229,1969-05-20,940,"76",0.076,137.3016,0.1373016
"207",13229,1969-06-26,940,"155",0.155,280.023,0.280023
"208",13229,1969-07-17,940,"38",0.038,68.6508,0.0686508
"209",13229,1969-08-20,940,"95",0.095,171.627,0.171627
"210",13229,1969-10-30,940,"62",0.062,112.0092,0.1120092
"211",13229,1981-03-19,940,"72",0.072,130.0752,0.1300752
"212",13228,1977-06-27,940,"48",0.048,86.7168,0.0867168
"213",13229,1974-12-04,940,"318",0.318,574.4988,0.5744988
"214",13229,1975-02-19,940,"63",0.063,113.8158,0.1138158
"215",13229,1990-07-24,940,"65",0.065,117.429,0.117429
"216",13229,1990-08-22,940,"38",0.038,68.6508,0.0686508
"217",13229,1982-10-20,940,"193",0.193,348.6738,0.3486738
"218",13229,1987-10-29,940,"223",0.223,402.8718,0.4028718
"219",13228,1987-06-21,940,"161",0.161,290.8626,0.2908626
"220",13223,1974-06-09,940,"30",0.03,54.198,0.054198
"221",13229,1985-07-31,940,"113",0.113,204.1458,0.2041458
"222",13229,1985-08-22,940,"361",0.361,652.1826,0.6521826
"223",13229,1985-09-29,940,"25",0.025,45.165,0.045165
"224",13229,1990-10-10,940,"71",0.071,128.2686,0.1282686
"225",13229,1990-10-24,940,"613",0.613,1107.4458,1.1074458
"226",13228,1987-09-23,940,"230",0.23,415.518,0.415518
"227",13223,1974-07-09,940,"75",0.075,135.495,0.135495
"228",13223,1974-08-13,940,"37",0.037,66.8442,0.0668442
"229",13223,1974-11-19,940,"146",0.146,263.7636,0.2637636
"230",13229,1985-10-29,940,"210",0.21,379.386,0.379386
"231",13229,1980-09-23,940,"105",0.105,189.693,0.189693
"232",13229,1980-10-22,940,"161",0.161,290.8626,0.2908626
"233",13229,1980-11-19,940,"145",0.145,261.957,0.261957
"234",13229,1989-07-25,940,"115",0.115,207.759,0.207759
"235",13229,1983-10-12,940,"111",0.111,200.5326,0.2005326
"236",13228,1987-12-29,940,"287",0.287,518.4942,0.5184942
"237",13228,1988-03-16,940,"314",0.314,567.2724,0.5672724
"238",13228,1988-09-14,940,"167",0.167,301.7022,0.3017022
"239",13229,1985-05-15,940,"163",0.163,294.4758,0.2944758
"240",13229,1989-09-30,940,"108",0.108,195.1128,0.1951128
"241",13229,1989-10-24,940,"132",0.132,238.4712,0.2384712
"242",13229,1989-11-15,940,"312",0.312,563.6592,0.5636592
"243",13229,1979-01-09,940,"154",0.154,278.2164,0.2782164
"244",13229,1983-10-20,940,"80",0.08,144.528,0.144528
"245",13229,1983-11-16,940,"200",0.2,361.32,0.36132
"246",13229,1989-12-28,940,"309",0.309,558.2394,0.5582394
"247",13229,1990-01-23,940,"313",0.313,565.4658,0.5654658
"248",13229,1979-02-08,940,"145",0.145,261.957,0.261957
"249",13229,1983-07-13,940,"134",0.134,242.0844,0.2420844
"250",13229,1983-08-17,940,"56",0.056,101.1696,0.1011696
"251",13223,1974-01-08,940,"73",0.073,131.8818,0.1318818
"252",13223,1974-03-26,940,"46",0.046,83.1036,0.0831036
"253",13223,1974-05-01,940,"27",0.027,48.7782,0.0487782
"254",13229,1989-05-22,940,"140",0.14,252.924,0.252924
"255",13229,1988-07-27,940,"116",0.116,209.5656,0.2095656
"256",13228,1986-01-16,940,"282",0.282,509.4612,0.5094612
"257",13228,1986-03-30,940,"380",0.38,686.508,0.686508
"258",13229,1988-04-28,940,"271",0.271,489.5886,0.4895886
"259",13226,1981-09-09,940,"81.6",0.0816,147.41856,0.14741856
"260",13223,1973-04-15,940,"70",0.07,126.462,0.126462
"261",13223,2068-09-11,940,"30",0.03,54.198,0.054198
"262",13223,2068-11-14,940,"32",0.032,57.8112,0.0578112
"263",13229,1988-05-26,940,"228",0.228,411.9048,0.4119048
"264",13228,1986-10-22,940,"284",0.284,513.0744,0.5130744
"265",13228,1987-01-27,940,"222",0.222,401.0652,0.4010652
"266",13228,1987-03-24,940,"176",0.176,317.9616,0.3179616
"267",13229,1978-09-20,940,"56",0.056,101.1696,0.1011696
"268",13229,1978-10-17,940,"82",0.082,148.1412,0.1481412
"269",13223,1973-07-12,940,"53",0.053,95.7498,0.0957498
"270",13223,1973-09-20,940,"25",0.025,45.165,0.045165
"271",13223,1973-10-17,940,"76",0.076,137.3016,0.1373016
"272",13226,1981-10-22,940,"51",0.051,92.1366,0.0921366
"273",13226,1980-01-17,940,"171",0.171,308.9286,0.3089286
"274",13226,1980-02-14,940,"154",0.154,278.2164,0.2782164
"275",13228,1978-09-13,940,"86",0.086,155.3676,0.1553676
"276",13226,1979-06-20,940,"60",0.06,108.396,0.108396
"277",13229,1988-06-16,940,"106",0.106,191.4996,0.1914996
"278",13226,1981-11-19,940,"87",0.087,157.1742,0.1571742
"279",13229,1978-11-16,940,"87",0.087,157.1742,0.1571742
"280",13228,1978-12-13,940,"261",0.261,471.5226,0.4715226
"281",13228,1979-03-22,940,"67",0.067,121.0422,0.1210422
"282",13229,1981-07-15,940,"86",0.086,155.3676,0.1553676
"283",13229,1981-09-10,940,"38.8",0.0388,70.09608,0.07009608
"284",13226,1979-07-19,940,"59",0.059,106.5894,0.1065894
"285",13226,1979-08-23,940,"27",0.027,48.7782,0.0487782
"286",13228,1979-06-20,940,"51",0.051,92.1366,0.0921366
"287",13229,1976-06-09,940,"58",0.058,104.7828,0.1047828
"288",13223,1986-06-25,940,"122",0.122,220.4052,0.2204052
"289",13229,1991-04-23,940,"115",0.115,207.759,0.207759
"290",13229,1978-12-12,940,"296",0.296,534.7536,0.5347536
"291",13229,1983-04-26,940,"273",0.273,493.2018,0.4932018
"292",13226,1981-05-14,940,"94",0.094,169.8204,0.1698204
"293",13223,1972-06-14,940,"25",0.025,45.165,0.045165
"294",13223,1972-07-05,940,"65",0.065,117.429,0.117429
"295",13229,1981-10-21,940,"78",0.078,140.9148,0.1409148
"296",13229,1981-11-18,940,"129",0.129,233.0514,0.2330514
"297",13229,1977-03-30,940,"61",0.061,110.2026,0.1102026
"298",13229,1986-06-26,940,"53",0.053,95.7498,0.0957498
"299",13229,1986-07-16,940,"217",0.217,392.0322,0.3920322
"300",13229,1986-08-28,940,"81",0.081,146.3346,0.1463346
"301",13229,1988-10-26,940,"164",0.164,296.2824,0.2962824
"302",13229,1988-11-22,940,"182",0.182,328.8012,0.3288012
"303",13229,1989-01-24,940,"257",0.257,464.2962,0.4642962
"304",13229,1989-02-27,940,"251",0.251,453.4566,0.4534566
"305",13229,1989-04-25,940,"310",0.31,560.046,0.560046
"306",13229,1986-09-24,940,"72",0.072,130.0752,0.1300752
"307",13223,1975-11-18,940,"108",0.108,195.1128,0.1951128
"308",13223,1976-02-25,940,"132",0.132,238.4712,0.2384712
"309",13223,1976-05-12,940,"82",0.082,148.1412,0.1481412
"310",13223,1970-02-10,940,"68",0.068,122.8488,0.1228488
"311",13223,1970-03-06,940,"72",0.072,130.0752,0.1300752
"312",13223,1970-03-23,940,"94",0.094,169.8204,0.1698204
"313",13226,1980-08-26,940,"31",0.031,56.0046,0.0560046
"314",13226,1980-09-22,940,"66",0.066,119.2356,0.1192356
"315",13228,1982-12-15,940,"250",0.25,451.65,0.45165
"316",13228,1983-03-29,940,"240",0.24,433.584,0.433584
"317",13229,1977-10-27,940,"89",0.089,160.7874,0.1607874
"318",13229,1977-11-16,940,"102",0.102,184.2732,0.1842732
"319",13229,1977-12-28,940,"102",0.102,184.2732,0.1842732
"320",13229,1982-11-23,940,"163",0.163,294.4758,0.2944758
"321",13223,1970-06-03,940,"13",0.013,23.4858,0.0234858
"322",13223,1970-07-01,940,"17",0.017,30.7122,0.0307122
"323",13223,1970-08-11,940,"20",0.02,36.132,0.036132
"324",13223,1970-09-23,940,"11",0.011,19.8726,0.0198726
"325",13223,1970-10-21,940,"88",0.088,158.9808,0.1589808
"326",13223,1970-11-17,940,"107",0.107,193.3062,0.1933062
"327",13223,1970-12-29,940,"165",0.165,298.089,0.298089
"328",13223,1971-02-16,940,"91",0.091,164.4006,0.1644006
"329",13223,1971-05-25,940,"74",0.074,133.6884,0.1336884
"330",13229,1987-04-30,940,"181",0.181,326.9946,0.3269946
"331",13229,1987-05-29,940,"177",0.177,319.7682,0.3197682
"332",13226,1980-10-23,940,"145",0.145,261.957,0.261957
"333",13226,1980-11-20,940,"169",0.169,305.3154,0.3053154
"334",13228,1980-09-22,940,"135",0.135,243.891,0.243891
"335",13228,1980-12-15,940,"266",0.266,480.5556,0.4805556
"336",13228,1981-03-18,940,"74",0.074,133.6884,0.1336884
"337",13229,1978-01-19,940,"103",0.103,186.0798,0.1860798
"338",13229,1982-05-10,940,"64",0.064,115.6224,0.1156224
"339",13223,2068-12-12,940,"128",0.128,231.2448,0.2312448
"340",13223,1969-01-21,940,"34",0.034,61.4244,0.0614244
"341",13229,1982-07-20,940,"83",0.083,149.9478,0.1499478
"342",13229,1982-07-30,940,"87",0.087,157.1742,0.1571742
"343",13229,1982-08-18,940,"184",0.184,332.4144,0.3324144
"344",13223,1969-02-13,940,"39",0.039,70.4574,0.0704574
"345",13223,1969-03-04,940,"33",0.033,59.6178,0.0596178
"346",13226,1980-04-17,940,"91",0.091,164.4006,0.1644006
"347",13226,1980-05-15,940,"67",0.067,121.0422,0.1210422
"348",13228,1981-06-10,940,"51",0.051,92.1366,0.0921366
"349",13228,1981-09-09,940,"24.5",0.0245,44.2617,0.0442617
"350",13229,1977-06-28,940,"70",0.07,126.462,0.126462
"351",13229,1977-09-29,940,"132",0.132,238.4712,0.2384712
"352",13229,1982-09-14,940,"77",0.077,139.1082,0.1391082
"353",13229,1986-10-22,940,"274",0.274,495.0084,0.4950084
"354",13229,1986-11-19,940,"214",0.214,386.6124,0.3866124
"355",13229,1986-12-23,940,"135",0.135,243.891,0.243891
"356",13223,1969-04-09,940,"40",0.04,72.264,0.072264
"357",13223,1969-05-07,940,"17",0.017,30.7122,0.0307122
"358",13223,1969-07-08,940,"13",0.013,23.4858,0.0234858
"359",13223,1969-08-04,940,"25",0.025,45.165,0.045165
"360",13223,1969-09-03,940,"39",0.039,70.4574,0.0704574
"361",13223,1969-10-07,940,"58",0.058,104.7828,0.1047828
"362",13223,1969-11-04,940,"59",0.059,106.5894,0.1065894
"363",13223,1969-12-14,940,"58",0.058,104.7828,0.1047828
"364",13223,1970-01-06,940,"92",0.092,166.2072,0.1662072
"365",13229,1987-01-27,940,"228",0.228,411.9048,0.4119048
"366",13229,1987-02-12,940,"227",0.227,410.0982,0.4100982
"367",13229,1987-03-25,940,"179",0.179,323.3814,0.3233814
"368",13226,1980-06-11,940,"36",0.036,65.0376,0.0650376
"369",13226,1980-07-10,940,"101",0.101,182.4666,0.1824666
"370",13228,1979-09-11,940,"112",0.112,202.3392,0.2023392
"371",13228,1979-12-05,940,"184",0.184,332.4144,0.3324144
"372",13229,1988-09-14,940,"163",0.163,294.4758,0.2944758
"373",13228,1980-02-27,940,"500",0.5,903.3,0.9033
"374",13229,1981-12-02,940,"286",0.286,516.6876,0.5166876
"375",13229,1982-01-12,940,"230",0.23,415.518,0.415518
"376",13226,1979-10-18,940,"144",0.144,260.1504,0.2601504
"377",13226,1979-11-15,940,"105",0.105,189.693,0.189693
"378",13229,1982-02-11,940,"157",0.157,283.6362,0.2836362
"379",13229,1982-04-26,940,"58",0.058,104.7828,0.1047828
"380",13226,1979-12-05,940,"145",0.145,261.957,0.261957
"381",13228,1980-06-25,940,"121",0.121,218.5986,0.2185986
"382",13229,1976-12-01,940,"357",0.357,644.9562,0.6449562
"383",13229,1991-12-06,940,"139",0.139,251.1174,0.2511174
"384",13229,1992-08-26,940,"135",0.135,243.891,0.243891
"385",13229,1992-02-26,940,"149",0.149,269.1834,0.2691834
"386",13225,1992-04-27,940,"129",0.129,233.0514,0.2330514
"387",13229,1992-05-27,940,"65",0.065,117.429,0.117429
"388",13225,1992-01-28,940,"85",0.085,153.561,0.153561
"389",13228,1992-08-20,940,"75",0.075,135.495,0.135495
"390",13228,1992-01-28,940,"89",0.089,160.7874,0.1607874
"391",13225,1992-08-19,940,"48",0.048,86.7168,0.0867168
"392",13229,1992-11-24,940,"217",0.217,392.0322,0.3920322
"393",13229,1992-12-22,940,"404",0.404,729.8664,0.7298664
"394",13223,1986-02-19,940,"250",0.25,451.65,0.45165
"395",13223,1985-06-05,940,"88",0.088,158.9808,0.1589808
"396",13223,1988-05-11,940,"220",0.22,397.452,0.397452
"397",13223,1988-08-03,940,"110",0.11,198.726,0.198726
"398",13223,1985-08-07,940,"62",0.062,112.0092,0.1120092
"399",13223,1987-08-25,940,"200",0.2,361.32,0.36132
"400",13223,1984-08-15,940,"34",0.034,61.4244,0.0614244
"401",13223,1984-10-17,940,"56",0.056,101.1696,0.1011696
"402",13223,1987-11-18,940,"190",0.19,343.254,0.343254
"403",13223,1985-02-13,940,"210",0.21,379.386,0.379386
"404",13223,1987-01-07,940,"180",0.18,325.188,0.325188
"405",13223,1987-05-13,940,"170",0.17,307.122,0.307122
"406",13223,1986-06-11,940,"76",0.076,137.3016,0.1373016
"407",13223,1986-08-13,940,"180",0.18,325.188,0.325188
"408",13223,1986-11-19,940,"170",0.17,307.122,0.307122
"409",13223,1985-10-09,940,"140",0.14,252.924,0.252924
"410",13223,1988-01-20,940,"210",0.21,379.386,0.379386
"411",13223,1982-10-27,940,"65",0.065,117.429,0.117429
"412",13223,1991-10-29,940,"180",0.18,325.188,0.325188
"413",13223,1988-11-02,940,"120",0.12,216.792,0.216792
"414",13223,1989-02-08,940,"180",0.18,325.188,0.325188
"415",13223,1990-08-28,940,"50",0.05,90.33,0.09033
"416",13223,1984-02-08,940,"140",0.14,252.924,0.252924
"417",13223,1984-06-06,940,"100",0.1,180.66,0.18066
"418",13223,1981-10-07,940,"75",0.075,135.495,0.135495
"419",13223,1983-08-03,940,"60",0.06,108.396,0.108396
"420",13223,1983-10-12,940,"34",0.034,61.4244,0.0614244
"421",13223,1989-11-08,940,"120",0.12,216.792,0.216792
"422",13223,1992-08-25,940,"68",0.068,122.8488,0.1228488
"423",13223,1990-01-31,940,"180",0.18,325.188,0.325188
"424",13223,1983-02-02,940,"120",0.12,216.792,0.216792
"425",13223,1983-06-08,940,"93",0.093,168.0138,0.1680138
"426",13223,1989-06-07,940,"150",0.15,270.99,0.27099
"427",13223,1989-08-16,940,"100",0.1,180.66,0.18066
"428",13223,1992-01-29,940,"85",0.085,153.561,0.153561
"429",13223,1992-05-20,940,"82",0.082,148.1412,0.1481412
"430",13223,1982-08-04,940,"81",0.081,146.3346,0.1463346
"431",13223,1991-08-21,940,"40",0.04,72.264,0.072264
"432",13223,1982-04-07,940,"72",0.072,130.0752,0.1300752
"433",13223,1982-06-09,940,"47",0.047,84.9102,0.0849102
"434",13223,1990-11-07,940,"89",0.089,160.7874,0.1607874
"435",13223,1991-02-06,940,"180",0.18,325.188,0.325188
"436",13223,1991-05-22,940,"96",0.096,173.4336,0.1734336
"437",13223,1981-12-02,940,"140",0.14,252.924,0.252924
"438",13223,1982-02-03,940,"170",0.17,307.122,0.307122
"439",13223,1990-05-23,940,"35",0.035,63.231,0.063231
"440",13229,1992-04-28,940,"179",0.179,323.3814,0.3233814
"441",13229,1991-11-12,940,"400",0.4,722.64,0.72264
"442",13228,1993-06-16,940,"63",0.063,113.8158,0.1138158
"443",13225,1993-07-28,940,"84",0.084,151.7544,0.1517544
"444",13229,1992-07-19,940,"108",0.108,195.1128,0.1951128
"445",13229,1992-01-29,940,"84",0.084,151.7544,0.1517544
"446",13229,1993-06-15,940,"62",0.062,112.0092,0.1120092
"447",13225,1993-01-11,940,"350",0.35,632.31,0.63231
"448",13228,1993-01-12,940,"433",0.433,782.2578,0.7822578
"449",13229,1993-01-12,940,"379",0.379,684.7014,0.6847014
"450",13225,1993-10-12,940,"155",0.155,280.023,0.280023
"451",13228,1993-10-12,940,"2240",2.24,4046.784,4.046784
"452",13229,1993-04-14,940,"282",0.282,509.4612,0.5094612
"453",13225,1994-01-26,940,"231",0.231,417.3246,0.4173246
"454",13722,1994-06-23,940,"156",0.156,281.8296,0.2818296
"455",13228,1994-01-26,940,"298",0.298,538.3668,0.5383668
"456",13225,1994-07-12,940,"207",0.207,373.9662,0.3739662
"457",13228,1994-07-12,940,"130",0.13,234.858,0.234858
"458",13722,1994-03-16,940,"163",0.163,294.4758,0.2944758
"459",13229,1994-01-25,940,"271",0.271,489.5886,0.4895886
"460",13229,1993-10-11,940,"183",0.183,330.6078,0.3306078
"461",13229,1994-07-11,940,"202",0.202,364.9332,0.3649332
"462",13228,1994-04-28,940,"128",0.128,231.2448,0.2312448
"463",13229,1994-04-28,940,"121",0.121,218.5986,0.2185986
"464",13225,1994-04-28,940,"174",0.174,314.3484,0.3143484
"465",13223,1994-03-02,940,"176",0.176,317.9616,0.3179616
"466",13722,1994-08-23,940,"101",0.101,182.4666,0.1824666
"467",13223,1994-06-15,940,"163",0.163,294.4758,0.2944758
"468",13229,1992-11-14,940,"227",0.227,410.0982,0.4100982
"469",13228,1992-11-15,940,"237",0.237,428.1642,0.4281642
"470",13223,1993-10-28,940,"171",0.171,308.9286,0.3089286
"471",13229,1990-02-27,940,"141",0.141,254.7306,0.2547306
"472",13229,1994-10-10,940,"326",0.326,588.9516,0.5889516
"473",13722,1993-02-08,940,"223",0.223,402.8718,0.4028718
"474",13223,1993-02-08,940,"213",0.213,384.8058,0.3848058
"475",13225,1994-10-11,940,"231",0.231,417.3246,0.4173246
"476",13228,1994-10-11,940,"249",0.249,449.8434,0.4498434
"477",13223,1995-10-11,940,"322",0.322,581.7252,0.5817252
"478",13225,1995-01-24,940,"332",0.332,599.7912,0.5997912
"479",13228,1995-01-24,940,"412",0.412,744.3192,0.7443192
"480",13223,1994-12-07,940,"201",0.201,363.1266,0.3631266
"481",13223,1994-09-28,940,"130",0.13,234.858,0.234858
"482",13228,1995-07-18,940,"372",0.372,672.0552,0.6720552
"483",13229,1995-04-17,940,"622",0.622,1123.7052,1.1237052
"484",13229,1995-01-23,940,"487",0.487,879.8142,0.8798142
"485",13229,1995-07-17,940,"345",0.345,623.277,0.623277
"486",13223,1995-10-11,940,"322",0.322,581.7252,0.5817252
"487",13223,1996-01-24,940,"283",0.283,511.2678,0.5112678
"488",13223,1996-03-05,940,"214",0.214,386.6124,0.3866124
"489",13223,1996-06-26,940,"39",0.039,70.4574,0.0704574
"490",13223,1995-03-29,940,"134",0.134,242.0844,0.2420844
"491",13225,1995-04-18,940,"190",0.19,343.254,0.343254
"492",13225,1995-07-18,940,"334",0.334,603.4044,0.6034044
"493",13223,1995-06-06,940,"88",0.088,158.9808,0.1589808
"494",13228,1995-04-18,940,"460",0.46,831.036,0.831036
"495",13225,1996-04-09,940,"350",0.35,632.31,0.63231
"496",13225,1996-07-30,940,"142",0.142,256.5372,0.2565372
"497",13228,1995-10-17,940,"433",0.433,782.2578,0.7822578
"498",13228,1996-02-27,940,"478",0.478,863.5548,0.8635548
"499",13228,1996-04-09,940,"644",0.644,1163.4504,1.1634504
"500",13228,1996-07-30,940,"154",0.154,278.2164,0.2782164
"501",13229,1995-10-16,940,"444",0.444,802.1304,0.8021304
"502",13225,1995-10-17,940,"405",0.405,731.673,0.731673
"503",13225,1996-02-27,940,"378",0.378,682.8948,0.6828948
"504",13229,1996-02-26,940,"615",0.615,1111.059,1.111059
"505",13229,1996-04-08,940,"880",0.88,1589.808,1.589808
"506",13229,1996-07-29,940,"364",0.364,657.6024,0.6576024
"507",13229,1996-10-29,940,"360",0.36,650.376,0.650376
"508",13228,1996-10-30,940,"373",0.373,673.8618,0.6738618
"509",13225,1996-10-30,940,"270",0.27,487.782,0.487782
"510",13229,1997-05-20,940,"137",0.137,247.5042,0.2475042
"511",13229,1997-06-17,940,"122",0.122,220.4052,0.2204052
"512",13229,1997-03-18,940,"591",0.591,1067.7006,1.0677006
"513",13229,1996-12-18,940,"591",0.591,1067.7006,1.0677006
"514",13229,1996-11-13,940,"478",0.478,863.5548,0.8635548
"515",13225,1997-02-25,940,"219",0.219,395.6454,0.3956454
"516",13228,1997-02-25,940,"210",0.21,379.386,0.379386
"517",13229,1997-02-25,940,"583",0.583,1053.2478,1.0532478
"518",13223,1996-10-10,940,"291",0.291,525.7206,0.5257206
"519",13229,1997-04-15,940,"567",0.567,1024.3422,1.0243422
"520",13229,1997-07-14,940,"176",0.176,317.9616,0.3179616
"521",13229,1998-03-17,940,"514",0.514,928.5924,0.9285924
"522",13225,1997-04-15,940,"465",0.465,840.069,0.840069
"523",13225,1997-07-14,940,"89",0.089,160.7874,0.1607874
"524",13228,1997-04-15,940,"605",0.605,1092.993,1.092993
"525",13228,1997-07-14,940,"90",0.09,162.594,0.162594
"526",13229,1998-01-13,940,"528",0.528,953.8848,0.9538848
"527",13223,1997-03-25,940,"195",0.195,352.287,0.352287
"528",13223,1998-03-04,940,"256",0.256,462.4896,0.4624896
"529",13228,1998-07-14,940,"9",0.009,16.2594,0.0162594
"530",13225,1998-07-14,940,"93",0.093,168.0138,0.1680138
"531",13228,1997-10-22,940,"438",0.438,791.2908,0.7912908
"532",13228,1998-02-23,940,"520",0.52,939.432,0.939432
"533",13229,1997-10-22,940,"431",0.431,778.6446,0.7786446
"534",13229,1998-02-23,940,"376",0.376,679.2816,0.6792816
"535",13229,1998-04-27,940,"363",0.363,655.7958,0.6557958
"536",13225,1997-10-22,940,"205",0.205,370.353,0.370353
"537",13225,1998-02-23,940,"402",0.402,726.2532,0.7262532
"538",13225,1998-04-27,940,"291",0.291,525.7206,0.5257206
"539",13229,1998-09-22,940,"366",0.366,661.2156,0.6612156
"540",13223,1998-10-28,940,"33",0.033,59.6178,0.0596178
"541",13223,1993-11-17,940,"160",0.16,289.056,0.289056
"542",13223,1993-04-27,940,"170",0.17,307.122,0.307122
"543",13223,1993-08-17,940,"120",0.12,216.792,0.216792
"544",13229,1998-08-19,940,"38",0.038,68.6508,0.0686508
"545",13223,1992-12-02,940,"160",0.16,289.056,0.289056
"546",13223,1993-01-26,940,"210",0.21,379.386,0.379386
"547",13225,1999-07-14,940,"173",0.173,312.5418,0.3125418
"548",13228,1999-07-14,940,"222",0.222,401.0652,0.4010652
"549",13229,1999-04-27,940,"271",0.271,489.5886,0.4895886
"550",13229,1999-07-14,940,"130",0.13,234.858,0.234858
"551",13225,1998-10-13,940,"260",0.26,469.716,0.469716
"552",13228,1998-10-13,940,"360",0.36,650.376,0.650376
"553",13229,1998-10-13,940,"360",0.36,650.376,0.650376
"554",13225,1999-02-18,940,"395",0.395,713.607,0.713607
"555",13225,1999-04-27,940,"92",0.092,166.2072,0.1662072
"556",13228,1999-02-18,940,"435",0.435,785.871,0.785871
"557",13228,1999-04-27,940,"520",0.52,939.432,0.939432
"558",13229,1998-07-14,940,"293",0.293,529.3338,0.5293338
"559",13229,1998-05-19,940,"337",0.337,608.8242,0.6088242
"560",13229,1999-02-18,940,"511",0.511,923.1726,0.9231726
"561",13229,1995-12-05,940,"523",0.523,944.8518,0.9448518
"562",13229,1995-12-06,940,"527",0.527,952.0782,0.9520782
"563",13223,1993-11-17,940,"160",0.16,289.056,0.289056
"564",13228,1999-11-22,940,"498",0.498,899.6868,0.8996868
"565",13229,1998-11-17,940,"369",0.369,666.6354,0.6666354
"566",13229,1998-12-15,940,"339",0.339,612.4374,0.6124374
"567",13229,1999-01-19,940,"495",0.495,894.267,0.894267
"568",13229,1999-03-16,940,"515",0.515,930.399,0.930399
"569",13223,1995-08-15,940,"210",0.21,379.386,0.379386
"570",13223,1995-09-20,940,"22",0.022,39.7452,0.0397452
"571",13223,1994-11-29,940,"210",0.21,379.386,0.379386
"572",13223,1995-02-07,940,"200",0.2,361.32,0.36132
"573",13223,1995-05-24,940,"35",0.035,63.231,0.063231
"574",13223,1994-05-18,940,"75",0.075,135.495,0.135495
"575",13223,1994-01-19,940,"190",0.19,343.254,0.343254
"576",13223,1995-10-25,940,"250",0.25,451.65,0.45165
"577",13223,1996-02-21,940,"300",0.3,541.98,0.54198
"578",13223,1994-08-02,940,"130",0.13,234.858,0.234858
"579",13223,1999-03-25,940,"141",0.141,254.7306,0.2547306
"580",13225,2000-07-25,940,"193",0.193,348.6738,0.3486738
"581",13228,2000-07-25,940,"345",0.345,623.277,0.623277
"582",13229,2000-07-25,940,"336",0.336,607.0176,0.6070176
"583",13229,2000-04-18,940,"387",0.387,699.1542,0.6991542
"584",13228,2000-05-16,940,"428",0.428,773.2248,0.7732248
"585",16730,2000-05-17,940,"219",0.219,395.6454,0.3956454
"586",13225,2000-02-02,940,"95",0.095,171.627,0.171627
"587",13225,2000-04-18,940,"212",0.212,382.9992,0.3829992
"588",13229,2000-05-16,940,"289",0.289,522.1074,0.5221074
"589",13228,2000-02-02,940,"336",0.336,607.0176,0.6070176
"590",13228,2000-04-18,940,"543",0.543,980.9838,0.9809838
"591",13229,2000-02-02,940,"633",0.633,1143.5778,1.1435778
"592",13228,2000-12-13,940,"454",0.454,820.1964,0.8201964
"593",13225,2000-12-13,940,"400",0.4,722.64,0.72264
"594",13229,2000-12-13,940,"498",0.498,899.6868,0.8996868
"595",13225,2000-09-26,940,"125",0.125,225.825,0.225825
"596",13228,2000-09-26,940,"191",0.191,345.0606,0.3450606
"597",13229,2000-09-26,940,"305",0.305,551.013,0.551013
"598",13223,2000-03-22,940,"124",0.124,224.0184,0.2240184
"599",13225,2001-04-03,940,"381",0.381,688.3146,0.6883146
"600",13228,2001-04-03,940,"597",0.597,1078.5402,1.0785402
"601",13229,2000-10-31,940,"288",0.288,520.3008,0.5203008
"602",13229,2001-04-03,940,"687",0.687,1241.1342,1.2411342
"603",13228,2001-05-15,940,"215",0.215,388.419,0.388419
"604",16730,2001-05-16,940,"48",0.048,86.7168,0.0867168
"605",13228,2001-03-27,940,"560",0.56,1011.696,1.011696
"606",13229,2001-03-20,940,"570",0.57,1029.762,1.029762
"607",16730,2001-03-28,940,"350",0.35,632.31,0.63231
"608",13229,2001-05-23,940,"500",0.5,903.3,0.9033
"609",13229,2001-01-23,940,"190",0.19,343.254,0.343254
"610",13228,2000-12-12,940,"520",0.52,939.432,0.939432
"611",16730,2001-01-17,940,"210",0.21,379.386,0.379386
"612",13229,2000-11-20,940,"425",0.425,767.805,0.767805
"613",13228,2001-01-16,940,"230",0.23,415.518,0.415518
"614",13229,2000-06-20,940,"48",0.048,86.7168,0.0867168
"615",13223,2000-10-04,940,"86",0.086,155.3676,0.1553676
"616",13223,2001-03-14,940,"228",0.228,411.9048,0.4119048
"617",16730,2000-12-13,940,"360",0.36,650.376,0.650376
"618",13229,2000-08-15,940,"214",0.214,386.6124,0.3866124
"619",13229,2000-10-31,940,"288",0.288,520.3008,0.5203008
"620",13223,1996-12-18,940,"240",0.24,433.584,0.433584
"621",13223,1997-01-29,940,"250",0.25,451.65,0.45165
"622",13223,1996-08-30,940,"42",0.042,75.8772,0.0758772
"623",13223,1996-09-11,940,"78",0.078,140.9148,0.1409148
"624",13223,1999-08-03,940,"40.56",0.04056,73.275696,0.073275696
"625",13223,1999-09-09,940,"105.11",0.10511,189.891726,0.189891726
"626",13223,1999-06-15,940,"35.756",0.035756,64.5967896,0.0645967896
"627",13223,1996-04-16,940,"160",0.16,289.056,0.289056
"628",13223,1999-06-30,940,"50.371",0.050371,91.0002486,0.0910002486
"629",13223,1999-03-24,940,"159.22",0.15922,287.646852,0.287646852
"630",13223,1999-04-21,940,"99.408",0.099408,179.5904928,0.1795904928
"631",13223,1996-03-20,940,"210",0.21,379.386,0.379386
"632",13223,2000-06-27,940,"47.14",0.04714,85.163124,0.085163124
"633",13223,1999-05-19,940,"141.59",0.14159,255.796494,0.255796494
"634",13223,1997-09-10,940,"109.2",0.1092,197.28072,0.19728072
"635",13223,2000-07-19,940,"114.48",0.11448,206.819568,0.206819568
"636",13223,1999-01-13,940,"228.54",0.22854,412.880364,0.412880364
"637",13223,2000-01-19,940,"265.71",0.26571,480.031686,0.480031686
"638",13223,2000-04-13,940,"133.74",0.13374,241.614684,0.241614684
"639",13223,2000-06-18,940,"28.19",0.02819,50.928054,0.050928054
"640",13223,1996-08-15,940,"190",0.19,343.254,0.343254
"641",13223,1996-08-20,940,"27",0.027,48.7782,0.0487782
"642",13223,1996-06-27,940,"38",0.038,68.6508,0.0686508
"643",13223,1996-07-30,940,"63",0.063,113.8158,0.1138158
"644",13223,1996-05-01,940,"160",0.16,289.056,0.289056
"645",13223,1996-05-29,940,"62",0.062,112.0092,0.1120092
"646",13223,1997-03-11,940,"120",0.12,216.792,0.216792
"647",13223,1997-04-01,940,"132.79",0.13279,239.898414,0.239898414
"648",13223,1996-04-01,940,"210",0.21,379.386,0.379386
"649",13223,1997-07-16,940,"48.66",0.04866,87.909156,0.087909156
"650",13223,1997-08-07,940,"65.188",0.065188,117.7686408,0.1177686408
"651",13223,1997-05-28,940,"46.264",0.046264,83.5805424,0.0835805424
"652",13223,1997-07-01,940,"33.295",0.033295,60.150747,0.060150747
"653",13223,1997-04-15,940,"230.67",0.23067,416.728422,0.416728422
"654",13223,1997-05-22,940,"50.821",0.050821,91.8132186,0.0918132186
"655",16730,2001-06-26,940,"270",0.27,487.782,0.487782
"656",13228,2001-06-26,940,"410",0.41,740.706,0.740706
"657",13229,2001-06-19,940,"255",0.255,460.683,0.460683
"658",13228,2001-09-11,940,"253",0.253,457.0698,0.4570698
"659",13229,2001-07-30,940,"131",0.131,236.6646,0.2366646
"660",13229,2001-09-11,940,"444",0.444,802.1304,0.8021304
"661",13225,2001-07-30,940,"29",0.029,52.3914,0.0523914
"662",13223,2001-10-03,940,"125",0.125,225.825,0.225825
"663",13225,2001-09-11,940,"159",0.159,287.2494,0.2872494
"664",13228,2001-07-30,940,"130",0.13,234.858,0.234858
"665",13223,2002-03-25,940,"157",0.157,283.6362,0.2836362
"666",13229,2001-08-22,940,"172",0.172,310.7352,0.3107352
"667",16730,2001-10-24,940,"310",0.31,560.046,0.560046
"668",13228,2001-10-23,940,"570",0.57,1029.762,1.029762
"669",16730,2001-08-15,940,"104",0.104,187.8864,0.1878864
"670",13228,2001-08-14,940,"358",0.358,646.7628,0.6467628
"671",13225,2002-04-24,940,"127",0.127,229.4382,0.2294382
"672",13228,2002-04-24,940,"529",0.529,955.6914,0.9556914
"673",13229,2002-04-24,940,"802",0.802,1448.8932,1.4488932
"674",13225,2002-07-11,940,"35",0.035,63.231,0.063231
"675",13228,2002-07-11,940,"144",0.144,260.1504,0.2601504
"676",13229,2002-07-11,940,"473",0.473,854.5218,0.8545218
"677",13225,2002-09-17,940,"219",0.219,395.6454,0.3956454
"678",13228,2002-09-17,940,"253",0.253,457.0698,0.4570698
"679",13229,2002-09-17,940,"153",0.153,276.4098,0.2764098
"680",13228,2001-11-06,940,"495",0.495,894.267,0.894267
"681",16730,2001-11-06,940,"390",0.39,704.574,0.704574
"682",13229,2002-02-26,940,"715",0.715,1291.719,1.291719
"683",13228,2002-01-14,940,"560",0.56,1011.696,1.011696
"684",16730,2002-01-15,940,"460",0.46,831.036,0.831036
"685",13228,2002-02-11,940,"650",0.65,1174.29,1.17429
"686",13229,2001-11-14,940,"570",0.57,1029.762,1.029762
"687",13223,2002-12-03,940,"241",0.241,435.3906,0.4353906
"688",13229,2002-06-26,940,"610",0.61,1102.026,1.102026
"689",16730,2002-02-11,940,"465",0.465,840.069,0.840069
"690",13228,2002-03-04,940,"680",0.68,1228.488,1.228488
"691",16730,2002-03-05,940,"425",0.425,767.805,0.767805
"692",13229,2002-01-14,940,"575",0.575,1038.795,1.038795
"693",16730,2001-10-24,940,"310",0.31,560.046,0.560046
"694",13229,2001-10-23,940,"570",0.57,1029.762,1.029762
"695",13228,2002-05-14,940,"452",0.452,816.5832,0.8165832
"696",13229,2002-03-20,940,"570",0.57,1029.762,1.029762
"697",13229,2002-08-20,940,"400",0.4,722.64,0.72264
"698",13225,2002-12-11,940,"515",0.515,930.399,0.930399
"699",13228,2002-12-11,940,"625",0.625,1129.125,1.129125
"700",13229,2002-12-11,940,"703",0.703,1270.0398,1.2700398
"701",16730,2002-05-15,940,"130",0.13,234.858,0.234858
"702",16730,2002-06-12,940,"40",0.04,72.264,0.072264
"704",13229,2003-01-27,940,"675",0.675,1219.455,1.219455
"707",13228,2002-11-25,940,"455",0.455,822.003,0.822003
"708",16730,2002-11-25,940,"450",0.45,812.97,0.81297
"709",13229,2002-05-21,940,"590",0.59,1065.894,1.065894
"710",16730,2002-09-03,940,"300",0.3,541.98,0.54198
"711",13228,2002-09-03,940,"280",0.28,505.848,0.505848
"712",13229,2002-11-19,940,"600",0.6,1083.96,1.08396
"713",13228,2002-10-23,940,"182",0.182,328.8012,0.3288012
"714",16730,2002-10-22,940,"215",0.215,388.419,0.388419
"715",16730,2003-01-22,940,"620",0.62,1120.092,1.120092
"716",13228,2003-01-22,940,"495",0.495,894.267,0.894267
"717",13225,2003-04-15,940,"144",0.144,260.1504,0.2601504
"718",13228,2003-04-15,940,"606",0.606,1094.7996,1.0947996
"719",13229,2003-04-15,940,"492",0.492,888.8472,0.8888472
"720",13223,2001-12-18,940,"223.42",0.22342,403.630572,0.403630572
"721",13223,2002-09-11,940,"79.26",0.07926,143.191116,0.143191116
"722",13223,2001-09-11,940,"122.58",0.12258,221.453028,0.221453028
"723",13223,2001-07-10,940,"56.04",0.05604,101.241864,0.101241864
"724",13223,2001-08-07,940,"31.4",0.0314,56.72724,0.05672724
"725",13223,2001-06-12,940,"106.97",0.10697,193.252002,0.193252002
"726",13223,2001-04-03,940,"193.26",0.19326,349.143516,0.349143516
"727",13223,2003-06-18,940,"35",0.035,63.231,0.063231
"728",13223,2000-11-15,940,"68.5",0.0685,123.7521,0.1237521
"729",13223,2001-01-30,940,"171.03",0.17103,308.982798,0.308982798
"730",13223,2002-06-12,940,"44.22",0.04422,79.887852,0.079887852
"731",13223,2002-05-21,940,"41.67",0.04167,75.281022,0.075281022
"732",13223,2002-04-23,940,"99.96",0.09996,180.587736,0.180587736
"733",13223,2002-05-08,940,"211.38",0.21138,381.879108,0.381879108
"734",13223,2002-03-19,940,"165.04",0.16504,298.161264,0.298161264
"735",13223,2001-05-01,940,"281.14",0.28114,507.907524,0.507907524
"736",13223,2002-01-16,940,"236.75",0.23675,427.71255,0.42771255
"737",13228,2003-02-24,940,"208",0.208,375.7728,0.3757728
"738",16730,2003-02-25,940,"105",0.105,189.693,0.189693
"739",13225,2003-08-12,940,"62",0.062,112.0092,0.1120092
"740",13225,2003-09-09,940,"16",0.016,28.9056,0.0289056
"741",13228,2003-08-12,940,"57",0.057,102.9762,0.1029762
"742",13228,2003-09-09,940,"93",0.093,168.0138,0.1680138
"743",13229,2003-08-12,940,"61",0.061,110.2026,0.1102026
"744",13229,2003-09-09,940,"261",0.261,471.5226,0.4715226
"745",13223,2003-12-04,940,"98",0.098,177.0468,0.1770468
"746",13225,2003-12-16,940,"193",0.193,348.6738,0.3486738
"747",13228,2003-12-16,940,"413",0.413,746.1258,0.7461258
"748",13228,2003-03-03,940,"562",0.562,1015.3092,1.0153092
"749",13228,2003-05-05,940,"585",0.585,1056.861,1.056861
"750",16730,2003-05-06,940,"90",0.09,162.594,0.162594
"751",13229,2003-12-16,940,"329",0.329,594.3714,0.5943714
"752",13229,2003-06-23,940,"476",0.476,859.9416,0.8599416
"753",13225,2004-04-14,940,"115",0.115,207.759,0.207759
"754",13223,2004-03-23,940,"34",0.034,61.4244,0.0614244
"755",13228,2003-06-21,940,"15.4",0.0154,27.82164,0.02782164
"756",13228,2003-10-06,940,"68.5",0.0685,123.7521,0.1237521
"757",13228,2004-04-14,940,"237",0.237,428.1642,0.4281642
"758",13229,2004-04-14,940,"327",0.327,590.7582,0.5907582
"759",13229,2003-11-18,940,"275",0.275,496.815,0.496815
"760",13229,2001-12-03,940,"568.45",0.56845,1026.96177,1.02696177
"761",13229,2001-09-25,940,"325.89",0.32589,588.752874,0.588752874
"762",13229,2002-07-22,940,"44.05",0.04405,79.58073,0.07958073
"763",13229,2002-07-30,940,"101.72",0.10172,183.767352,0.183767352
"764",13229,2002-08-27,940,"342.04",0.34204,617.929464,0.617929464
"765",13229,2001-08-28,940,"426.78",0.42678,771.020748,0.771020748
"766",13229,2002-06-03,940,"517.82",0.51782,935.493612,0.935493612
"767",13229,2001-07-24,940,"209.23",0.20923,377.994918,0.377994918
"768",13229,2002-05-20,940,"538.71",0.53871,973.233486,0.973233486
"769",13229,2002-01-28,940,"665.28",0.66528,1201.894848,1.201894848
"770",13229,2004-01-27,940,"129",0.129,233.0514,0.2330514
"771",13229,2001-06-05,940,"484.63",0.48463,875.532558,0.875532558
"772",13229,2002-04-22,940,"692.29",0.69229,1250.691114,1.250691114
"773",13228,2004-01-26,940,"178",0.178,321.5748,0.3215748
"774",16730,2004-01-27,940,"50",0.05,90.33,0.09033
"775",13229,2001-04-24,940,"405.38",0.40538,732.359508,0.732359508
"776",13228,2004-02-24,940,"400",0.4,722.64,0.72264
"777",16730,2004-02-25,940,"215",0.215,388.419,0.388419
"778",13229,2004-02-18,940,"450",0.45,812.97,0.81297
"779",16730,2003-11-26,940,"220",0.22,397.452,0.397452
"780",13228,2003-11-25,940,"415",0.415,749.739,0.749739
"781",13229,2004-03-30,940,"271",0.271,489.5886,0.4895886
"782",13229,2001-01-23,940,"198.88",0.19888,359.296608,0.359296608
"783",13229,2001-02-27,940,"496.42",0.49642,896.832372,0.896832372
"784",13229,2000-11-28,940,"517.17",0.51717,934.319322,0.934319322
"785",16730,2003-10-07,940,"14",0.014,25.2924,0.0252924
"786",16730,2004-03-31,940,"86",0.086,155.3676,0.1553676
"787",13228,2004-03-30,940,"169",0.169,305.3154,0.3053154
"788",13225,2004-07-21,940,"79",0.079,142.7214,0.1427214
"789",13228,2004-07-20,940,"144",0.144,260.1504,0.2601504
"790",13229,2004-07-20,940,"240",0.24,433.584,0.433584
"791",13225,2004-09-22,940,"189",0.189,341.4474,0.3414474
"792",13229,2004-09-21,940,"30",0.03,54.198,0.054198
"793",13228,2004-06-28,940,"43",0.043,77.6838,0.0776838
"794",16730,2004-06-29,940,"7",0.007,12.6462,0.0126462
"795",13229,2004-06-22,940,"60",0.06,108.396,0.108396
"796",13229,2004-05-19,940,"160",0.16,289.056,0.289056
"797",13229,2003-05-13,940,"610",0.61,1102.026,1.102026
"798",13229,2004-12-14,940,"483",0.483,872.5878,0.8725878
"799",13228,2004-12-14,940,"456",0.456,823.8096,0.8238096
"800",13229,2003-02-25,940,"149",0.149,269.1834,0.2691834
"801",13229,2003-03-19,940,"800",0.8,1445.28,1.44528
"802",13228,2004-08-30,940,"196",0.196,354.0936,0.3540936
"803",13229,2004-08-24,940,"91",0.091,164.4006,0.1644006
"804",16730,2004-08-31,940,"46",0.046,83.1036,0.0831036
"805",16730,2004-12-21,940,"432",0.432,780.4512,0.7804512
"806",13228,2004-12-20,940,"456",0.456,823.8096,0.8238096
"807",13225,2005-04-25,940,"331",0.331,597.9846,0.5979846
"808",13228,2005-04-25,940,"566",0.566,1022.5356,1.0225356
"809",13229,2005-04-25,940,"384",0.384,693.7344,0.6937344
"810",13229,2005-02-22,940,"410",0.41,740.706,0.740706
"811",13228,2005-02-22,940,"295",0.295,532.947,0.532947
"812",16730,2005-02-23,940,"281",0.281,507.6546,0.5076546
"813",13229,2005-01-25,940,"254",0.254,458.8764,0.4588764
"814",13223,2002-03-19,940,"165",0.165,298.089,0.298089
"815",13229,2003-04-22,940,"718",0.718,1297.1388,1.2971388
"816",13229,2003-02-19,940,"674",0.674,1217.6484,1.2176484
"817",13229,2003-01-29,940,"643",0.643,1161.6438,1.1616438
"818",13223,2003-11-19,940,"109",0.109,196.9194,0.1969194
"819",13223,2003-03-12,940,"78.3",0.0783,141.45678,0.14145678
"820",13223,2002-11-06,940,"176",0.176,317.9616,0.3179616
"821",13223,2003-07-22,940,"14.4",0.0144,26.01504,0.02601504
"822",13223,2003-04-16,940,"86.5",0.0865,156.2709,0.1562709
"823",13229,2003-11-20,940,"359",0.359,648.5694,0.6485694
"824",13223,2004-01-28,940,"77.3",0.0773,139.65018,0.13965018
"825",13229,2003-08-12,940,"80.3",0.0803,145.06998,0.14506998
"826",13223,2003-08-27,940,"32.6",0.0326,58.89516,0.05889516
"827",13223,2004-02-24,940,"84.3",0.0843,152.29638,0.15229638
"828",13229,2004-01-29,940,"265",0.265,478.749,0.478749
"829",13223,2003-01-14,940,"275",0.275,496.815,0.496815
"830",13229,2002-11-20,940,"577",0.577,1042.4082,1.0424082
"831",13229,2004-03-18,940,"128",0.128,231.2448,0.2312448
"832",13223,2003-05-21,940,"55.2",0.0552,99.72432,0.09972432
"833",13229,2004-02-25,940,"435",0.435,785.871,0.785871
"834",13223,2004-04-14,940,"54.5",0.0545,98.4597,0.0984597
"835",13223,2004-07-14,940,"53.7",0.0537,97.01442,0.09701442
"836",13229,2004-07-15,940,"163",0.163,294.4758,0.2944758
"837",13229,2003-09-03,940,"117",0.117,211.3722,0.2113722
"838",13229,2004-08-05,940,"138",0.138,249.3108,0.2493108
"839",13223,2004-08-04,940,"19.8",0.0198,35.77068,0.03577068
"840",13229,2004-04-15,940,"311",0.311,561.8526,0.5618526
"841",13229,2005-03-29,940,"635",0.635,1147.191,1.147191
"842",16730,2005-05-02,940,"371",0.371,670.2486,0.6702486
"843",13228,2005-05-02,940,"472",0.472,852.7152,0.8527152
"844",16730,2005-03-29,940,"407",0.407,735.2862,0.7352862
"845",13228,2005-03-28,940,"606",0.606,1094.7996,1.0947996
"846",13229,2005-05-24,940,"322",0.322,581.7252,0.5817252
"847",13228,2005-06-06,940,"120",0.12,216.792,0.216792
"848",16730,2005-06-07,940,"90",0.09,162.594,0.162594
"849",13229,2005-06-15,940,"363",0.363,655.7958,0.6557958
"850",13229,2005-09-26,940,"402",0.402,726.2532,0.7262532
"851",13225,2005-09-27,940,"214",0.214,386.6124,0.3866124
"852",13228,2005-09-27,940,"298",0.298,538.3668,0.5383668
"853",13225,2005-12-28,940,"402",0.402,726.2532,0.7262532
"854",13228,2005-12-28,940,"492",0.492,888.8472,0.8888472
"855",13229,2005-12-28,940,"498",0.498,899.6868,0.8996868
"856",13228,2005-07-18,940,"439",0.439,793.0974,0.7930974
"857",16730,2005-07-19,940,"116.7",0.1167,210.83022,0.21083022
"858",13229,2005-08-24,940,"190",0.19,343.254,0.343254
"859",13229,2004-11-22,940,"145",0.145,261.957,0.261957
"860",13223,2005-12-15,940,"254",0.254,458.8764,0.4588764
"861",16730,2006-01-25,940,"404",0.404,729.8664,0.7298664
"862",13225,2006-04-12,940,"150",0.15,270.99,0.27099
"863",13228,2006-04-12,940,"168",0.168,303.5088,0.3035088
"864",13229,2006-04-11,940,"142",0.142,256.5372,0.2565372
"865",13228,2006-01-24,940,"560",0.56,1011.696,1.011696
"866",13229,2006-01-25,940,"663",0.663,1197.7758,1.1977758
"867",13228,2005-08-30,940,"182",0.182,328.8012,0.3288012
"868",13229,2005-11-29,940,"603",0.603,1089.3798,1.0893798
"869",16730,2005-08-31,940,"123",0.123,222.2118,0.2222118
"870",13229,2006-03-28,940,"140",0.14,252.924,0.252924
"871",13228,2006-02-07,940,"534",0.534,964.7244,0.9647244
"872",16730,2006-02-08,940,"433",0.433,782.2578,0.7822578
"873",16730,2006-02-28,940,"401",0.401,724.4466,0.7244466
"874",13228,2006-02-27,940,"552",0.552,997.2432,0.9972432
"875",13225,2006-07-11,940,"95",0.095,171.627,0.171627
"876",13228,2006-07-11,940,"210",0.21,379.386,0.379386
"877",13229,2006-07-10,940,"239",0.239,431.7774,0.4317774
"878",13229,2006-02-14,940,"614",0.614,1109.2524,1.1092524
"879",13223,2006-06-29,940,"49",0.049,88.5234,0.0885234
"880",13229,2007-01-25,940,"565",0.565,1020.729,1.020729
"881",16730,2007-01-31,940,"437",0.437,789.4842,0.7894842
"882",13229,2007-02-13,940,"550",0.55,993.63,0.99363
"883",13228,2007-01-30,940,"567",0.567,1024.3422,1.0243422
"884",13229,2006-05-23,940,"270",0.27,487.782,0.487782
"885",16730,2006-05-03,940,"111",0.111,200.5326,0.2005326
"886",13228,2006-05-02,940,"123",0.123,222.2118,0.2222118
"887",16730,2006-04-04,940,"137",0.137,247.5042,0.2475042
"888",13228,2006-04-03,940,"150",0.15,270.99,0.27099
"889",13228,2006-11-14,940,"421",0.421,760.5786,0.7605786
"890",16730,2006-11-15,940,"337",0.337,608.8242,0.6088242
"891",13229,2006-11-28,940,"506",0.506,914.1396,0.9141396
"892",13229,2007-03-28,940,"177",0.177,319.7682,0.3197682
"893",13228,2007-03-06,940,"644",0.644,1163.4504,1.1634504
"894",16730,2007-03-06,940,"459",0.459,829.2294,0.8292294
"895",13229,2007-05-16,940,"350",0.35,632.31,0.63231
"896",16730,2007-04-24,940,"311",0.311,561.8526,0.5618526
"897",13228,2007-04-23,940,"437",0.437,789.4842,0.7894842
"898",16730,2007-05-30,940,"73.4",0.0734,132.60444,0.13260444
"899",13228,2007-05-29,940,"107",0.107,193.3062,0.1933062
"900",13229,2006-09-25,940,"64",0.064,115.6224,0.1156224
"901",13225,2006-09-26,940,"55",0.055,99.363,0.099363
"902",13228,2006-09-26,940,"66",0.066,119.2356,0.1192356
"903",13229,2006-12-05,940,"441",0.441,796.7106,0.7967106
"904",13228,2007-08-27,940,"174",0.174,314.3484,0.3143484
"905",16730,2007-08-28,940,"142",0.142,256.5372,0.2565372
"906",13229,2007-08-21,940,"130",0.13,234.858,0.234858
"907",13223,2006-12-06,940,"244",0.244,440.8104,0.4408104
"908",13228,2007-07-11,940,"429",0.429,775.0314,0.7750314
"909",13228,2006-12-06,940,"442",0.442,798.5172,0.7985172
"910",13225,2006-12-06,940,"365",0.365,659.409,0.659409
"911",16730,2007-07-10,940,"67.7",0.0677,122.30682,0.12230682
"912",13229,2007-06-20,940,"264",0.264,476.9424,0.4769424
"913",13229,2007-07-18,940,"93",0.093,168.0138,0.1680138
"914",13228,2007-07-18,940,"86",0.086,155.3676,0.1553676
"915",13225,2007-07-18,940,"15",0.015,27.099,0.027099
"916",13229,2007-10-23,940,"528",0.528,953.8848,0.9538848
"917",13229,2007-11-14,940,"519",0.519,937.6254,0.9376254
"918",13229,2007-04-24,940,"627",0.627,1132.7382,1.1327382
"919",13228,2007-04-24,940,"413",0.413,746.1258,0.7461258
"920",13225,2007-04-24,940,"284",0.284,513.0744,0.5130744
"921",13223,2007-06-14,940,"25",0.025,45.165,0.045165
"922",13229,2007-09-25,940,"96",0.096,173.4336,0.1734336
"923",13228,2007-09-26,940,"56",0.056,101.1696,0.1011696
"924",13225,2007-09-26,940,"82",0.082,148.1412,0.1481412
"925",13223,2007-10-04,940,"116",0.116,209.5656,0.2095656
"926",13228,2007-12-18,940,"478",0.478,863.5548,0.8635548
"927",13225,2007-12-18,940,"374",0.374,675.6684,0.6756684
"928",13229,2007-12-18,940,"545",0.545,984.597,0.984597
"929",13229,2008-04-21,940,"497",0.497,897.8802,0.8978802
"930",13228,2008-04-23,940,"494",0.494,892.4604,0.8924604
"931",13225,2008-04-23,940,"282",0.282,509.4612,0.5094612
"932",13229,2008-07-08,940,"130",0.13,234.858,0.234858
"933",13223,2008-07-16,940,"44",0.044,79.4904,0.0794904
"934",13228,2008-07-09,940,"83",0.083,149.9478,0.1499478
"935",13225,2008-07-09,940,"58",0.058,104.7828,0.1047828
"936",13229,2008-09-24,940,"15.9",0.0159,28.72494,0.02872494
"937",13223,2008-10-29,940,"92",0.092,166.2072,0.1662072
"938",13229,2008-12-09,940,"434",0.434,784.0644,0.7840644
"939",13228,2008-12-10,940,"422",0.422,762.3852,0.7623852
"940",13225,2008-12-10,940,"379",0.379,684.7014,0.6847014
"941",13223,2002-11-06,940,"176",0.176,317.9616,0.3179616
"942",13223,2002-06-12,940,"44.2",0.0442,79.85172,0.07985172
"943",13223,2002-05-08,940,"211",0.211,381.1926,0.3811926
"944",13223,2001-12-18,940,"223",0.223,402.8718,0.4028718
"945",13223,2002-01-16,940,"237",0.237,428.1642,0.4281642
"946",13223,2002-03-19,940,"165",0.165,298.089,0.298089
"947",13223,2002-09-11,940,"79.3",0.0793,143.26338,0.14326338
"948",13223,2002-04-23,940,"100",0.1,180.66,0.18066
"949",13223,2003-05-21,940,"55.2",0.0552,99.72432,0.09972432
"950",13223,2003-01-14,940,"275",0.275,496.815,0.496815
"951",13223,2003-03-12,940,"78.3",0.0783,141.45678,0.14145678
"952",13223,2002-05-21,940,"41.7",0.0417,75.33522,0.07533522
"953",13223,2003-04-16,940,"86.5",0.0865,156.2709,0.1562709
"954",13223,2003-08-27,940,"32.6",0.0326,58.89516,0.05889516
"955",18441,2006-06-20,940,"391",0.391,706.3806,0.7063806
"956",13225,2006-06-22,940,"117",0.117,211.3722,0.2113722
"957",13223,2003-07-22,940,"14.4",0.0144,26.01504,0.02601504
"958",13223,2005-12-20,940,"212",0.212,382.9992,0.3829992
"959",13223,2006-02-08,940,"183",0.183,330.6078,0.3306078
"960",13223,2006-08-02,940,"92.7",0.0927,167.47182,0.16747182
"961",20628,2006-02-08,940,"188",0.188,339.6408,0.3396408
"962",13223,2003-11-19,940,"109",0.109,196.9194,0.1969194
"963",13223,2006-03-22,940,"151",0.151,272.7966,0.2727966
"964",20623,2006-03-13,940,"236",0.236,426.3576,0.4263576
"965",20625,2006-03-15,940,"205",0.205,370.353,0.370353
"966",13223,2006-04-12,940,"123",0.123,222.2118,0.2222118
"967",13223,2006-06-28,940,"48.9",0.0489,88.34274,0.08834274
"968",13223,2006-05-24,940,"94.2",0.0942,170.18172,0.17018172
"969",13223,2004-12-15,940,"237",0.237,428.1642,0.4281642
"970",20626,2006-03-16,940,"170",0.17,307.122,0.307122
"971",20632,2006-03-18,940,"157",0.157,283.6362,0.2836362
"972",13223,2005-04-06,940,"192",0.192,346.8672,0.3468672
"973",13223,2004-07-14,940,"53.7",0.0537,97.01442,0.09701442
"974",13223,2005-06-29,940,"43.3",0.0433,78.22578,0.07822578
"975",13223,2004-08-04,940,"19.8",0.0198,35.77068,0.03577068
"976",13223,2005-08-03,940,"47.2",0.0472,85.27152,0.08527152
"977",13223,2005-02-09,940,"254",0.254,458.8764,0.4588764
"978",13223,2005-03-09,940,"196",0.196,354.0936,0.3540936
"979",13223,2005-05-25,940,"87",0.087,157.1742,0.1571742
"980",13223,2004-02-24,940,"84.3",0.0843,152.29638,0.15229638
"981",13223,2004-04-14,940,"54.5",0.0545,98.4597,0.0984597
"982",13223,2004-01-28,940,"77.3",0.0773,139.65018,0.13965018
"983",13223,2007-08-15,940,"88.9",0.0889,160.60674,0.16060674
"984",13223,2007-09-06,940,"107",0.107,193.3062,0.1933062
"985",13229,2008-08-26,940,"200",0.2,361.32,0.36132
"986",13229,2008-10-22,940,"63.1",0.0631,113.99646,0.11399646
"987",13223,2007-07-18,940,"33.8",0.0338,61.06308,0.06106308
"988",13229,2009-04-02,940,"569",0.569,1027.9554,1.0279554
"989",13228,2009-04-02,940,"489",0.489,883.4274,0.8834274
"990",13225,2009-04-02,940,"353",0.353,637.7298,0.6377298
"991",16730,2008-03-31,940,"405",0.405,731.673,0.731673
"992",13228,2008-03-24,940,"565",0.565,1020.729,1.020729
"993",13229,2008-01-23,940,"729",0.729,1317.0114,1.3170114
"994",13229,2008-02-12,940,"829",0.829,1497.6714,1.4976714
"995",13229,2008-03-19,940,"547",0.547,988.2102,0.9882102
"996",13229,2008-11-18,940,"396",0.396,715.4136,0.7154136
"997",13223,2007-02-14,940,"292",0.292,527.5272,0.5275272
"998",13223,2007-03-14,940,"123",0.123,222.2118,0.2222118
"999",13223,2007-05-23,940,"34",0.034,61.4244,0.0614244
"1000",13223,2007-04-25,940,"142",0.142,256.5372,0.2565372
"1001",16730,2007-10-31,940,"379",0.379,684.7014,0.6847014
"1002",16730,2008-08-11,940,"230",0.23,415.518,0.415518
"1003",13228,2007-10-29,940,"430",0.43,776.838,0.776838
"1004",13228,2008-01-22,940,"610",0.61,1102.026,1.102026
"1005",16730,2008-10-27,940,"114",0.114,205.9524,0.2059524
"1006",13228,2008-08-11,940,"297",0.297,536.5602,0.5365602
"1007",13228,2008-10-27,940,"116",0.116,209.5656,0.2095656
"1008",13229,2008-05-13,940,"430",0.43,776.838,0.776838
"1009",13229,2008-06-17,940,"295",0.295,532.947,0.532947
"1010",13228,2008-05-12,940,"493",0.493,890.6538,0.8906538
"1011",16730,2008-05-13,940,"288",0.288,520.3008,0.5203008
"1012",13228,2008-06-23,940,"277",0.277,500.4282,0.5004282
"1013",16730,2008-06-24,940,"107",0.107,193.3062,0.1933062
"1014",16730,2007-11-28,940,"410",0.41,740.706,0.740706
"1015",13228,2007-11-27,940,"461",0.461,832.8426,0.8328426
"1016",16730,2008-11-17,940,"353",0.353,637.7298,0.6377298
"1017",13228,2008-11-17,940,"372",0.372,672.0552,0.6720552
"1018",16730,2008-01-23,940,"505",0.505,912.333,0.912333
"1019",16730,2009-03-16,940,"505",0.505,912.333,0.912333
"1020",13228,2009-03-16,940,"525",0.525,948.465,0.948465
"1021",13228,2009-02-23,940,"593",0.593,1071.3138,1.0713138
"1022",16730,2009-01-12,940,"413",0.413,746.1258,0.7461258
"1023",13228,2009-01-12,940,"444",0.444,802.1304,0.8021304
"1024",16730,2009-02-23,940,"482",0.482,870.7812,0.8707812
"1025",13229,2009-01-13,940,"508",0.508,917.7528,0.9177528
"1026",13229,2009-02-18,940,"592",0.592,1069.5072,1.0695072
"1027",13229,2009-03-18,940,"398",0.398,719.0268,0.7190268
"1028",13228,2009-09-30,940,"267",0.267,482.3622,0.4823622
"1029",13225,2009-09-30,940,"132",0.132,238.4712,0.2384712
"1030",13223,2009-05-27,940,"156",0.156,281.8296,0.2818296
"1031",13229,2009-09-29,940,"319",0.319,576.3054,0.5763054
"1032",13229,2009-07-20,940,"343",0.343,619.6638,0.6196638
"1033",16730,2009-06-22,940,"36.6",0.0366,66.12156,0.06612156
"1034",13228,2009-06-23,940,"91",0.091,164.4006,0.1644006
"1035",16730,2009-05-19,940,"337",0.337,608.8242,0.6088242
"1036",13228,2009-05-18,940,"313",0.313,565.4658,0.5654658
"1037",13229,2009-05-20,940,"139",0.139,251.1174,0.2511174
"1038",13229,2009-06-17,940,"196",0.196,354.0936,0.3540936
"1039",13228,2009-10-20,940,"67.5",0.0675,121.9455,0.1219455
"1040",13229,2009-10-19,940,"75.7",0.0757,136.75962,0.13675962
"1041",13229,2009-11-09,940,"446",0.446,805.7436,0.8057436
"1042",16730,2009-11-17,940,"274",0.274,495.0084,0.4950084
"1043",16730,2009-10-21,940,"69.7",0.0697,125.92002,0.12592002
"1044",13229,2010-03-16,940,"496",0.496,896.0736,0.8960736
"1045",13225,2010-03-17,940,"248",0.248,448.0368,0.4480368
"1046",13229,2009-12-15,940,"448",0.448,809.3568,0.8093568
"1047",13228,2009-12-16,940,"438",0.438,791.2908,0.7912908
"1048",13225,2009-12-16,940,"281",0.281,507.6546,0.5076546
"1049",13223,2010-02-01,940,"199",0.199,359.5134,0.3595134
"1050",13228,2009-11-16,940,"352",0.352,635.9232,0.6359232
"1051",13228,2010-01-25,940,"524",0.524,946.6584,0.9466584
"1052",16730,2010-01-26,940,"426",0.426,769.6116,0.7696116
"1053",16730,2010-02-09,940,"382",0.382,690.1212,0.6901212
"1054",13228,2010-02-08,940,"550",0.55,993.63,0.99363
"1055",13229,2010-01-12,940,"517",0.517,934.0122,0.9340122
"1056",13229,2010-02-09,940,"650",0.65,1174.29,1.17429
"1057",13228,2010-03-15,940,"460",0.46,831.036,0.831036
"1058",16730,2010-03-16,940,"316",0.316,570.8856,0.5708856
"1059",16862,2010-03-31,940,"581",0.581,1049.6346,1.0496346
"1060",18441,2010-03-31,940,"615",0.615,1111.059,1.111059
"1061",13229,2010-03-23,940,"569",0.569,1027.9554,1.0279554
"1062",13229,2009-08-19,940,"286",0.286,516.6876,0.5166876
"1063",13228,2010-03-17,940,"448",0.448,809.3568,0.8093568
"1064",13228,2009-08-25,940,"285",0.285,514.881,0.514881
"1065",16730,2009-08-26,940,"219",0.219,395.6454,0.3956454
"1066",13223,2010-09-22,940,"78",0.078,140.9148,0.1409148
"1067",13229,2010-10-19,940,"95",0.095,171.627,0.171627
"1068",18441,2010-09-21,940,"89.3",0.0893,161.32938,0.16132938
"1069",16730,2010-08-31,940,"73.9",0.0739,133.50774,0.13350774
"1070",13228,2010-08-30,940,"75.3",0.0753,136.03698,0.13603698
"1071",13228,2010-05-26,940,"634",0.634,1145.3844,1.1453844
"1072",13228,2010-06-23,940,"231",0.231,417.3246,0.4173246
"1073",16730,2010-06-22,940,"51.7",0.0517,93.40122,0.09340122
"1074",16730,2010-05-25,940,"365",0.365,659.409,0.659409
"1075",18441,2010-09-07,940,"82.5",0.0825,149.0445,0.1490445
"1076",16862,2010-09-07,940,"67.2",0.0672,121.40352,0.12140352
"1077",16862,2010-09-21,940,"114",0.114,205.9524,0.2059524
"1078",13229,2010-11-17,940,"525",0.525,948.465,0.948465
"1079",16730,2010-11-29,940,"370",0.37,668.442,0.668442
"1080",13228,2010-11-30,940,"550",0.55,993.63,0.99363
"1081",13229,2010-05-19,940,"716",0.716,1293.5256,1.2935256
"1082",13229,2010-06-16,940,"358",0.358,646.7628,0.6467628
"1083",13229,2010-08-18,940,"94.6",0.0946,170.90436,0.17090436
"1084",13228,2010-10-20,940,"105",0.105,189.693,0.189693
"1085",13225,2010-10-20,940,"162",0.162,292.6692,0.2926692
"1086",13229,2010-12-07,940,"506",0.506,914.1396,0.9141396
"1087",13225,2010-12-08,940,"340",0.34,614.244,0.614244
"1088",13228,2010-12-08,940,"519",0.519,937.6254,0.9376254
"1089",13223,2011-09-07,940,"76",0.076,137.3016,0.1373016
"1090",13228,2011-06-15,940,"210",0.21,379.386,0.379386
"1091",13229,2011-01-11,940,"670",0.67,1210.422,1.210422
"1092",16730,2011-04-19,940,"251",0.251,453.4566,0.4534566
"1093",13228,2011-04-18,940,"499",0.499,901.4934,0.9014934
"1094",16730,2011-02-22,940,"475",0.475,858.135,0.858135
"1095",13228,2011-02-21,940,"715",0.715,1291.719,1.291719
"1096",18441,2011-04-12,940,"541",0.541,977.3706,0.9773706
"1097",16862,2011-04-12,940,"505",0.505,912.333,0.912333
"1098",16730,2011-01-25,940,"440",0.44,794.904,0.794904
"1099",13228,2011-01-24,940,"712",0.712,1286.2992,1.2862992
"1100",13223,2011-03-29,940,"119",0.119,214.9854,0.2149854
"1101",13228,2011-03-30,940,"582",0.582,1051.4412,1.0514412
"1102",13225,2011-03-30,940,"256",0.256,462.4896,0.4624896
"1103",13229,2011-03-29,940,"455",0.455,822.003,0.822003
"1104",13229,2011-03-22,940,"673",0.673,1215.8418,1.2158418
"1105",13229,2011-04-12,940,"602",0.602,1087.5732,1.0875732
"1106",13229,2011-05-11,940,"340",0.34,614.244,0.614244
"1107",13228,2011-09-07,940,"305",0.305,551.013,0.551013
"1108",13228,2011-07-28,940,"110",0.11,198.726,0.198726
"1109",13228,2011-08-30,940,"271",0.271,489.5886,0.4895886
"1110",16730,2011-08-31,940,"150",0.15,270.99,0.27099
"1111",16730,2011-07-27,940,"111",0.111,200.5326,0.2005326
"1112",18441,2011-08-17,940,"162",0.162,292.6692,0.2926692
"1113",16862,2011-08-17,940,"153",0.153,276.4098,0.2764098
"1114",13229,2011-07-12,940,"403",0.403,728.0598,0.7280598
"1115",13229,2011-08-16,940,"94.2",0.0942,170.18172,0.17018172
"1116",13228,2012-01-10,940,"362",0.362,653.9892,0.6539892
"1117",13225,2012-01-10,940,"164",0.164,296.2824,0.2962824
"1118",13229,2012-01-09,940,"381",0.381,688.3146,0.6883146
"1119",13225,2011-09-07,940,"113",0.113,204.1458,0.2041458
"1120",13229,2012-03-19,940,"345",0.345,623.277,0.623277
"1121",13229,2012-09-18,940,"246",0.246,444.4236,0.4444236
"1122",13228,2012-09-19,940,"215",0.215,388.419,0.388419
"1123",13225,2012-09-19,940,"29",0.029,52.3914,0.0523914
"1124",13223,2012-09-17,940,"82",0.082,148.1412,0.1481412
"1125",16730,2012-04-23,940,"166",0.166,299.8956,0.2998956
"1126",18441,2012-04-02,940,"700",0.7,1264.62,1.26462
"1127",16862,2012-04-02,940,"800",0.8,1445.28,1.44528
"1128",16730,2012-04-03,940,"99.6",0.0996,179.93736,0.17993736
"1129",13228,2012-04-23,940,"275",0.275,496.815,0.496815
"1130",13229,2012-01-10,940,"431",0.431,778.6446,0.7786446
"1131",13229,2012-02-15,940,"356",0.356,643.1496,0.6431496
"1132",13229,2012-04-17,940,"330",0.33,596.178,0.596178
"1133",13225,2012-03-20,940,"100",0.1,180.66,0.18066
"1134",13229,2012-07-17,940,"151",0.151,272.7966,0.2727966
"1135",13229,2012-08-28,940,"25",0.025,45.165,0.045165
"1136",13228,2012-07-23,940,"66",0.066,119.2356,0.1192356
"1137",16730,2012-07-23,940,"60",0.06,108.396,0.108396
"1138",13228,2012-03-20,940,"447",0.447,807.5502,0.8075502
"1139",16730,2012-01-11,940,"220",0.22,397.452,0.397452
"1140",13228,2012-01-09,940,"320",0.32,578.112,0.578112
"1141",16730,2011-10-12,940,"191",0.191,345.0606,0.3450606
"1142",13228,2011-10-11,940,"123",0.123,222.2118,0.2222118
"1143",13228,2011-11-29,940,"416",0.416,751.5456,0.7515456
"1144",13229,2011-10-25,940,"390",0.39,704.574,0.704574
"1145",13229,2011-11-15,940,"381",0.381,688.3146,0.6883146
"1146",13223,2012-05-16,940,"11",0.011,19.8726,0.0198726
"1147",13229,2012-06-12,940,"230",0.23,415.518,0.415518
"1148",13228,2012-06-13,940,"292",0.292,527.5272,0.5275272
"1149",13225,2012-06-13,940,"24",0.024,43.3584,0.0433584
"1150",13228,2013-01-23,940,"216",0.216,390.2256,0.3902256
"1151",13225,2013-01-23,940,"71",0.071,128.2686,0.1282686
"1152",13229,2013-01-22,940,"263",0.263,475.1358,0.4751358
"1153",13223,2013-03-06,940,"62",0.062,112.0092,0.1120092
"1154",13229,2013-06-11,940,"212",0.212,382.9992,0.3829992
"1155",13228,2013-06-12,940,"68",0.068,122.8488,0.1228488
"1156",13225,2013-06-12,940,"37",0.037,66.8442,0.0668442
"1157",13228,2013-05-15,940,"464",0.464,838.2624,0.8382624
"1158",13225,2013-05-15,940,"65",0.065,117.429,0.117429
"1159",13229,2013-07-30,940,"38.8",0.0388,70.09608,0.07009608
"1160",13229,2013-08-28,940,"166",0.166,299.8956,0.2998956
"1161",13228,2013-09-18,940,"25",0.025,45.165,0.045165
"1162",16862,2014-03-18,940,"292",0.292,527.5272,0.5275272
"1163",18441,2014-03-18,940,"279",0.279,504.0414,0.5040414
"1164",13229,2013-10-29,940,"166",0.166,299.8956,0.2998956
"1165",13229,2013-11-13,940,"136",0.136,245.6976,0.2456976
"1166",16862,2013-11-19,940,"136",0.136,245.6976,0.2456976
"1167",13228,2013-11-20,940,"111",0.111,200.5326,0.2005326
"1168",16730,2013-11-19,940,"128",0.128,231.2448,0.2312448
"1169",18441,2013-11-19,940,"129",0.129,233.0514,0.2330514
"1170",13229,2013-09-17,940,"31",0.031,56.0046,0.0560046
"1171",13229,2014-04-22,940,"293",0.293,529.3338,0.5293338
"1172",13228,2014-04-23,940,"388",0.388,700.9608,0.7009608
"1173",16730,2014-04-22,940,"210",0.21,379.386,0.379386
"1174",16730,2014-02-09,940,"209",0.209,377.5794,0.3775794
"1175",13228,2014-02-20,940,"145",0.145,261.957,0.261957
"1176",13229,2013-12-10,940,"100",0.1,180.66,0.18066
"1177",13228,2013-12-11,940,"107",0.107,193.3062,0.1933062
"1178",13225,2013-12-11,940,"103",0.103,186.0798,0.1860798
"1179",16730,2014-01-28,940,"140",0.14,252.924,0.252924
"1180",13228,2014-01-30,940,"194",0.194,350.4804,0.3504804
"1181",13223,2014-03-25,940,"73",0.073,131.8818,0.1318818
"1182",13229,2014-03-04,940,"295",0.295,532.947,0.532947
"1183",13229,2014-02-11,940,"84.4",0.0844,152.47704,0.15247704
"1184",13229,2014-01-14,940,"120",0.12,216.792,0.216792
"1185",13225,2014-03-05,940,"120",0.12,216.792,0.216792
"1186",13228,2014-03-05,940,"244",0.244,440.8104,0.4408104
"1187",13229,2014-06-10,940,"337",0.337,608.8242,0.6088242
"1188",13228,2014-06-11,940,"342",0.342,617.8572,0.6178572
"1189",16730,2014-08-25,940,"139",0.139,251.1174,0.2511174
"1190",13228,2014-08-26,940,"66.7",0.0667,120.50022,0.12050022
"1191",16730,2014-07-15,940,"46.8",0.0468,84.54888,0.08454888
"1192",13228,2014-07-16,940,"168",0.168,303.5088,0.3035088
"1193",16730,2014-05-06,940,"123",0.123,222.2118,0.2222118
"1194",13228,2014-05-07,940,"394",0.394,711.8004,0.7118004
"1195",13223,2014-09-16,940,"19",0.019,34.3254,0.0343254
"1196",13225,2014-06-11,940,"38",0.038,68.6508,0.0686508
"1197",13229,2014-08-26,940,"101",0.101,182.4666,0.1824666
"1198",13229,2014-07-22,940,"188",0.188,339.6408,0.3396408
"1199",13229,2014-05-13,940,"267",0.267,482.3622,0.4823622
"1200",13229,2014-11-18,940,"80",0.08,144.528,0.144528
"1201",13229,2014-10-15,940,"85.8",0.0858,155.00628,0.15500628
"1202",13229,2014-09-29,940,"26",0.026,46.9716,0.0469716
"1203",13228,2014-10-28,940,"164",0.164,296.2824,0.2962824
"1204",13229,2015-05-27,940,"281",0.281,507.6546,0.5076546
"1205",13229,2015-04-21,940,"296",0.296,534.7536,0.5347536
"1206",16862,2015-04-15,940,"279",0.279,504.0414,0.5040414
"1207",18441,2015-04-15,940,"53.3",0.0533,96.29178,0.09629178
"1208",16730,2015-05-12,940,"194",0.194,350.4804,0.3504804
"1209",13228,2015-05-11,940,"412",0.412,744.3192,0.7443192
"1210",13223,2015-03-31,940,"43",0.043,77.6838,0.0776838
"1211",13229,2015-03-10,940,"336",0.336,607.0176,0.6070176
"1212",13225,2015-03-11,940,"176",0.176,317.9616,0.3179616
"1213",13228,2015-03-11,940,"341",0.341,616.0506,0.6160506
"1214",13228,2015-11-09,940,"96.6",0.0966,174.51756,0.17451756
"1215",16730,2015-11-10,940,"95.3",0.0953,172.16898,0.17216898
"1216",13228,2015-10-26,940,"125",0.125,225.825,0.225825
"1217",13229,2016-01-05,940,"296",0.296,534.7536,0.5347536
"1218",13229,2015-11-24,940,"145",0.145,261.957,0.261957
"1219",13229,2015-10-28,940,"119",0.119,214.9854,0.2149854
"1220",13228,2015-01-27,940,"461",0.461,832.8426,0.8328426
"1221",13228,2015-02-18,940,"317",0.317,572.6922,0.5726922
"1222",16730,2015-02-17,940,"332",0.332,599.7912,0.5997912
"1223",16730,2015-01-28,940,"308",0.308,556.4328,0.5564328
"1224",13229,2015-02-10,940,"487",0.487,879.8142,0.8798142
"1225",13229,2015-01-13,940,"306",0.306,552.8196,0.5528196
"1226",13225,2014-12-17,940,"77",0.077,139.1082,0.1391082
"1227",13228,2014-12-17,940,"78",0.078,140.9148,0.1409148
"1228",13229,2014-12-16,940,"66",0.066,119.2356,0.1192356
"1229",13228,2017-09-27,940,"61.5",0.0615,111.1059,0.1111059
"1230",13229,2016-09-27,940,"68",0.068,122.8488,0.1228488
"1231",13229,2015-06-23,940,"180",0.18,325.188,0.325188
"1232",13225,2015-06-24,940,"79",0.079,142.7214,0.1427214
"1233",13228,2015-06-24,940,"28.7",0.0287,51.84942,0.05184942
"1234",13229,2016-06-21,940,"220",0.22,397.452,0.397452
"1235",13228,2016-06-22,940,"46",0.046,83.1036,0.0831036
"1236",13225,2016-06-22,940,"92",0.092,166.2072,0.1662072
"1237",13229,2015-08-10,940,"328",0.328,592.5648,0.5925648
"1238",13229,2015-07-28,940,"208",0.208,375.7728,0.3757728
"1239",13229,2015-09-29,940,"196",0.196,354.0936,0.3540936
"1240",13225,2015-09-30,940,"92.5",0.0925,167.1105,0.1671105
"1241",13223,2015-09-15,940,"58.7",0.0587,106.04742,0.10604742
"1242",13228,2015-09-30,940,"119",0.119,214.9854,0.2149854
"1243",13225,2016-12-20,940,"122",0.122,220.4052,0.2204052
"1244",13229,2016-12-19,940,"130",0.13,234.858,0.234858
"1245",13228,2016-12-20,940,"131",0.131,236.6646,0.2366646
"1246",13229,2016-02-25,940,"694",0.694,1253.7804,1.2537804
"1247",13229,2016-01-28,940,"521",0.521,941.2386,0.9412386
"1248",16730,2016-02-23,940,"374",0.374,675.6684,0.6756684
"1249",13228,2016-02-22,940,"567",0.567,1024.3422,1.0243422
"1250",13228,2016-01-25,940,"399",0.399,720.8334,0.7208334
"1251",16862,2016-01-06,940,"365",0.365,659.409,0.659409
"1252",18441,2016-01-06,940,"391",0.391,706.3806,0.7063806
"1253",13229,2016-11-29,940,"154",0.154,278.2164,0.2782164
"1254",13229,2016-10-11,940,"55.7",0.0557,100.62762,0.10062762
"1255",13229,2017-06-13,940,"195",0.195,352.287,0.352287
"1256",13225,2020-10-07,940,"82",0.082,148.1412,0.1481412
"1257",16730,2017-05-09,940,"173",0.173,312.5418,0.3125418
"1258",13228,2017-05-08,940,"371",0.371,670.2486,0.6702486
"1259",16730,2017-04-04,940,"287",0.287,518.4942,0.5184942
"1260",13228,2017-04-03,940,"340",0.34,614.244,0.614244
"1261",16730,2017-02-28,940,"278",0.278,502.2348,0.5022348
"1262",13228,2017-02-27,940,"352",0.352,635.9232,0.6359232
"1263",16730,2017-01-31,940,"141",0.141,254.7306,0.2547306
"1264",13228,2017-01-30,940,"146.53",0.14653,264.721098,0.264721098
"1265",13223,2017-03-07,940,"141",0.141,254.7306,0.2547306
"1266",13228,2017-03-29,940,"359",0.359,648.5694,0.6485694
"1267",13229,2016-05-17,940,"65",0.065,117.429,0.117429
"1268",13229,2017-03-28,940,"325",0.325,587.145,0.587145
"1269",13229,2016-08-23,940,"113",0.113,204.1458,0.2041458
"1270",13229,2016-04-27,940,"293",0.293,529.3338,0.5293338
"1271",13225,2017-03-29,940,"234",0.234,422.7444,0.4227444
"1272",13225,2017-09-27,940,"33.5",0.0335,60.5211,0.0605211
"1273",13229,2017-09-26,940,"56.2",0.0562,101.53092,0.10153092
"1274",13223,2017-12-05,940,"103",0.103,186.0798,0.1860798
"1275",13229,2018-02-27,940,"661",0.661,1194.1626,1.1941626
"1276",16862,2016-04-13,940,"410",0.41,740.706,0.740706
"1277",18441,2016-04-13,940,"404",0.404,729.8664,0.7298664
"1278",13225,2019-12-04,940,"124",0.124,224.0184,0.2240184
"1279",13229,2019-12-03,940,"131",0.131,236.6646,0.2366646
"1280",13228,2019-12-04,940,"136",0.136,245.6976,0.2456976
"1281",13229,2019-10-29,940,"118",0.118,213.1788,0.2131788
"1282",13229,2019-11-13,940,"137",0.137,247.5042,0.2475042
"1283",13229,2019-06-04,940,"52",0.052,93.9432,0.0939432
"1284",13225,2019-05-22,940,"103",0.103,186.0798,0.1860798
"1285",13229,2018-11-27,940,"230",0.23,415.518,0.415518
"1286",13229,2018-10-31,940,"95.1",0.0951,171.80766,0.17180766
"1287",13229,2018-09-25,940,"89",0.089,160.7874,0.1607874
"1288",16730,2018-02-13,940,"342",0.342,617.8572,0.6178572
"1289",13228,2018-02-12,940,"334",0.334,603.4044,0.6034044
"1290",16730,2017-11-28,940,"128",0.128,231.2448,0.2312448
"1291",13228,2017-11-27,940,"129",0.129,233.0514,0.2330514
"1292",16730,2017-10-31,940,"145",0.145,261.957,0.261957
"1293",13229,2019-03-12,940,"244",0.244,440.8104,0.4408104
"1294",13229,2019-05-14,940,"263",0.263,475.1358,0.4751358
"1295",13229,2019-04-23,940,"220",0.22,397.452,0.397452
"1296",13229,2019-02-12,940,"553",0.553,999.0498,0.9990498
"1297",13228,2018-03-28,940,"412",0.412,744.3192,0.7443192
"1298",13225,2018-03-28,940,"268",0.268,484.1688,0.4841688
"1299",16862,2018-11-06,940,"97.5",0.0975,176.1435,0.1761435
"1300",18441,2018-11-06,940,"100",0.1,180.66,0.18066
"1301",13228,2018-11-19,940,"110",0.11,198.726,0.198726
"1302",16730,2018-10-17,940,"87.7",0.0877,158.43882,0.15843882
"1303",13228,2018-10-29,940,"69.1",0.0691,124.83606,0.12483606
"1304",13229,2018-03-27,940,"478",0.478,863.5548,0.8635548
"1305",18441,2021-03-09,940,"417",0.417,753.3522,0.7533522
"1306",16862,2021-03-09,940,"405",0.405,731.673,0.731673
"1307",16730,2016-10-25,940,"119",0.119,214.9854,0.2149854
"1308",13228,2016-11-14,940,"122",0.122,220.4052,0.2204052
"1309",16730,2016-11-15,940,"147.4",0.1474,266.29284,0.26629284
"1310",13228,2016-10-24,940,"108",0.108,195.1128,0.1951128
"1311",13228,2019-09-11,940,"146",0.146,263.7636,0.2637636
"1312",13223,2019-09-10,940,"56",0.056,101.1696,0.1011696
"1313",13229,2019-09-10,940,"21",0.021,37.9386,0.0379386
"1314",13229,2020-10-28,940,"79",0.079,142.7214,0.1427214
"1315",13229,2020-11-09,940,"80.1",0.0801,144.70866,0.14470866
"1316",13228,2019-07-17,940,"188",0.188,339.6408,0.3396408
"1317",16730,2019-07-16,940,"122",0.122,220.4052,0.2204052
"1318",13229,2019-08-27,940,"256",0.256,462.4896,0.4624896
"1319",13229,2019-07-30,940,"51.1",0.0511,92.31726,0.09231726
"1320",13229,2020-10-06,940,"79",0.079,142.7214,0.1427214
"1321",13229,2018-01-30,940,"478",0.478,863.5548,0.8635548
"1322",13229,2017-11-29,940,"122",0.122,220.4052,0.2204052
"1323",13223,2021-11-03,940,"97",0.097,175.2402,0.1752402
"1324",13225,2022-04-26,940,"82",0.082,148.1412,0.1481412
"1325",16862,2019-02-13,940,"505",0.505,912.333,0.912333
"1326",18441,2019-02-13,940,"558",0.558,1008.0828,1.0080828
"1327",16730,2019-02-26,940,"372",0.372,672.0552,0.6720552
"1328",13228,2019-02-25,940,"403",0.403,728.0598,0.7280598
"1329",13228,2019-03-11,940,"456",0.456,823.8096,0.8238096
"1330",16730,2019-05-21,940,"137",0.137,247.5042,0.2475042
"1331",13228,2019-02-27,940,"387",0.387,699.1542,0.6991542
"1332",13228,2021-12-01,940,"338",0.338,610.6308,0.6106308
"1333",13225,2021-12-01,940,"90",0.09,162.594,0.162594
"1334",13229,2022-04-25,940,"345",0.345,623.277,0.623277
"1335",13223,2019-03-05,940,"188",0.188,339.6408,0.3396408
"1336",13225,2019-02-27,940,"350",0.35,632.31,0.63231
"1337",13229,2019-02-26,940,"365",0.365,659.409,0.659409
"1338",13228,2020-02-18,940,"562",0.562,1015.3092,1.0153092
"1339",16730,2020-01-14,940,"177",0.177,319.7682,0.3197682
"1340",13228,2020-01-14,940,"178",0.178,321.5748,0.3215748
"1341",16730,2020-02-18,940,"389",0.389,702.7674,0.7027674
"1342",13228,2020-04-08,940,"396",0.396,715.4136,0.7154136
"1343",16730,2020-04-08,940,"396",0.396,715.4136,0.7154136
"1344",13228,2020-10-07,940,"80",0.08,144.528,0.144528
"1345",13228,2019-10-15,940,"132",0.132,238.4712,0.2384712
"1346",16730,2019-10-16,940,"63.2",0.0632,114.17712,0.11417712
"1347",13228,2019-11-20,940,"130",0.13,234.858,0.234858
"1348",16862,2019-12-11,940,"135",0.135,243.891,0.243891
"1349",18441,2019-12-11,940,"139",0.139,251.1174,0.2511174
"1350",13228,2019-06-05,940,"19",0.019,34.3254,0.0343254
"1351",13223,2022-03-22,940,"94",0.094,169.8204,0.1698204
"1352",13229,2017-05-30,940,"318",0.318,574.4988,0.5744988
"1353",13229,2017-04-26,940,"291",0.291,525.7206,0.5257206
"1354",13229,2017-02-28,940,"380",0.38,686.508,0.686508
"1355",13229,2017-01-25,940,"143",0.143,258.3438,0.2583438
"1356",13225,2019-09-11,940,"9",0.009,16.2594,0.0162594
"1357",13223,2018-10-02,940,"59",0.059,106.5894,0.1065894
"1358",13225,2018-09-26,940,"60",0.06,108.396,0.108396
"1359",13225,2019-06-05,940,"11",0.011,19.8726,0.0198726
"1360",13229,2022-02-23,940,"600",0.6,1083.96,1.08396
"1361",13229,2022-04-27,940,"348",0.348,628.6968,0.6286968
"1362",13229,2022-05-24,940,"331",0.331,597.9846,0.5979846
"1363",13225,2021-03-11,940,"170",0.17,307.122,0.307122
"1364",13228,2021-03-11,940,"421",0.421,760.5786,0.7605786
"1365",13229,2021-03-10,940,"379",0.379,684.7014,0.6847014
"1366",13229,2022-09-27,940,"42",0.042,75.8772,0.0758772
"1367",13225,2022-09-28,940,"45",0.045,81.297,0.081297
"1368",13228,2022-09-28,940,"45",0.045,81.297,0.081297
"1369",13229,2020-07-29,940,"133",0.133,240.2778,0.2402778
"1370",13229,2020-08-25,940,"117",0.117,211.3722,0.2113722
"1371",13229,2020-05-26,940,"348",0.348,628.6968,0.6286968
"1372",13229,2020-01-14,940,"320",0.32,578.112,0.578112
"1373",13229,2020-02-25,940,"677",0.677,1223.0682,1.2230682
"1374",13225,2021-09-08,940,"40",0.04,72.264,0.072264
"1375",13228,2021-09-08,940,"130",0.13,234.858,0.234858
"1376",13229,2021-09-07,940,"164",0.164,296.2824,0.2962824
"1377",13107,1976-06-08,941,"13",0.013,23.4858,0.0234858
"1378",13228,1975-09-25,941,"110",0.11,198.726,0.198726
"1379",13228,1975-12-31,941,"195",0.195,352.287,0.352287
"1380",13228,1976-03-24,941,"190",0.19,343.254,0.343254
"1381",13228,1976-06-08,941,"68",0.068,122.8488,0.1228488
"1382",13229,1973-09-25,941,"75",0.075,135.495,0.135495
"1383",13229,1973-11-13,941,"85",0.085,153.561,0.153561
"1384",13229,1973-12-11,941,"110",0.11,198.726,0.198726
"1385",13229,1974-02-13,941,"95",0.095,171.627,0.171627
"1386",13229,1974-04-17,941,"50",0.05,90.33,0.09033
"1387",13229,1974-06-24,941,"15",0.015,27.099,0.027099
"1388",13229,1974-07-17,941,"75",0.075,135.495,0.135495
"1389",13229,1974-08-15,941,"115",0.115,207.759,0.207759
"1390",13228,1974-12-04,941,"295",0.295,532.947,0.532947
"1391",13228,1975-01-07,941,"250",0.25,451.65,0.45165
"1392",13228,1975-02-20,941,"75",0.075,135.495,0.135495
"1393",13228,1975-03-04,941,"60",0.06,108.396,0.108396
"1394",13228,1975-04-17,941,"125",0.125,225.825,0.225825
"1395",13228,1975-07-09,941,"80",0.08,144.528,0.144528
"1396",13229,1972-12-12,941,"125",0.125,225.825,0.225825
"1397",13229,1973-01-24,941,"155",0.155,280.023,0.280023
"1398",13229,1973-02-20,941,"165",0.165,298.089,0.298089
"1399",13229,1973-03-13,941,"170",0.17,307.122,0.307122
"1400",13229,1973-04-24,941,"145",0.145,261.957,0.261957
"1401",13229,1973-05-17,941,"40",0.04,72.264,0.072264
"1402",13229,1973-06-27,941,"70",0.07,126.462,0.126462
"1403",13229,1973-07-16,941,"20",0.02,36.132,0.036132
"1404",13229,1973-08-21,941,"25",0.025,45.165,0.045165
"1405",13228,1974-10-17,941,"90",0.09,162.594,0.162594
"1406",13228,1974-11-12,941,"150",0.15,270.99,0.27099
"1407",13229,1972-02-29,941,"120",0.12,216.792,0.216792
"1408",13229,1972-03-22,941,"150",0.15,270.99,0.27099
"1409",13229,1972-04-18,941,"110",0.11,198.726,0.198726
"1410",13229,1972-05-18,941,"80",0.08,144.528,0.144528
"1411",13223,1976-08-17,941,"64",0.064,115.6224,0.1156224
"1412",13229,1972-07-26,941,"70",0.07,126.462,0.126462
"1413",13229,1972-08-29,941,"30",0.03,54.198,0.054198
"1414",13229,1972-09-19,941,"60",0.06,108.396,0.108396
"1415",13229,1972-10-31,941,"160",0.16,289.056,0.289056
"1416",13229,1972-11-29,941,"150",0.15,270.99,0.27099
"1417",13229,1976-08-10,941,"63",0.063,113.8158,0.1138158
"1418",13223,1972-11-14,941,"150",0.15,270.99,0.27099
"1419",13223,1972-12-12,941,"90",0.09,162.594,0.162594
"1420",13223,1973-01-16,941,"80",0.08,144.528,0.144528
"1421",13229,1976-09-10,941,"107",0.107,193.3062,0.1933062
"1422",13229,1975-07-08,941,"85",0.085,153.561,0.153561
"1423",13229,1975-09-24,941,"108",0.108,195.1128,0.1951128
"1424",13229,1975-12-30,941,"198",0.198,357.7068,0.3577068
"1425",13223,1972-02-08,941,"1000",1,1806.6,1.8066
"1426",13223,1972-03-15,941,"50",0.05,90.33,0.09033
"1427",13223,1975-01-15,941,"810",0.81,1463.346,1.463346
"1428",13223,1975-01-28,941,"185",0.185,334.221,0.334221
"1429",13223,1975-02-11,941,"155",0.155,280.023,0.280023
"1430",13223,1975-03-03,941,"100",0.1,180.66,0.18066
"1431",13223,1975-03-17,941,"65",0.065,117.429,0.117429
"1432",13223,1975-04-08,941,"500",0.5,903.3,0.9033
"1433",13223,1975-05-06,941,"95",0.095,171.627,0.171627
"1434",13229,1976-03-23,941,"256",0.256,462.4896,0.4624896
"1435",13228,1976-09-09,941,"58",0.058,104.7828,0.1047828
"1436",13223,1972-04-11,941,"75",0.075,135.495,0.135495
"1437",13223,1975-09-16,941,"68",0.068,122.8488,0.1228488
"1438",13229,1974-10-17,941,"85",0.085,153.561,0.153561
"1439",13229,1974-11-27,941,"320",0.32,578.112,0.578112
"1440",13229,1974-12-04,941,"320",0.32,578.112,0.578112
"1441",13229,1975-02-19,941,"75",0.075,135.495,0.135495
"1442",13229,1975-04-15,941,"125",0.125,225.825,0.225825
"1443",13223,1974-06-18,941,"10",0.01,18.066,0.018066
"1444",13223,1974-07-09,941,"85",0.085,153.561,0.153561
"1445",13223,1974-08-13,941,"25",0.025,45.165,0.045165
"1446",13223,1974-09-10,941,"60",0.06,108.396,0.108396
"1447",13223,1974-10-07,941,"40",0.04,72.264,0.072264
"1448",13223,1974-11-19,941,"140",0.14,252.924,0.252924
"1449",13223,1973-11-20,941,"80",0.08,144.528,0.144528
"1450",13223,1973-12-04,941,"75",0.075,135.495,0.135495
"1451",13223,1974-01-08,941,"80",0.08,144.528,0.144528
"1452",13223,1974-02-14,941,"75",0.075,135.495,0.135495
"1453",13223,1974-03-26,941,"55",0.055,99.363,0.099363
"1454",13223,1974-05-01,941,"30",0.03,54.198,0.054198
"1455",13223,1973-02-13,941,"160",0.16,289.056,0.289056
"1456",13223,1973-03-14,941,"110",0.11,198.726,0.198726
"1457",13223,1973-04-15,941,"70",0.07,126.462,0.126462
"1458",13223,1973-05-03,941,"150",0.15,270.99,0.27099
"1459",13223,1973-06-06,941,"65",0.065,117.429,0.117429
"1460",13223,1973-07-12,941,"60",0.06,108.396,0.108396
"1461",13223,1973-08-07,941,"35",0.035,63.231,0.063231
"1462",13223,1973-08-14,941,"35",0.035,63.231,0.063231
"1463",13223,1972-05-19,941,"25",0.025,45.165,0.045165
"1464",13229,1976-06-09,941,"60",0.06,108.396,0.108396
"1465",13223,1972-08-01,941,"55",0.055,99.363,0.099363
"1466",13223,1972-09-12,941,"50",0.05,90.33,0.09033
"1467",13223,1975-11-18,941,"152",0.152,274.6032,0.2746032
"1468",13223,1976-02-25,941,"135",0.135,243.891,0.243891
"1469",13223,1976-05-12,941,"90",0.09,162.594,0.162594
